tweetId,tweetDate,tweetText,hashtagList,location,numberRetweets,userMentions_userName,tweetSentiment
1033865834710614017,08-26-2018,RT @USDA: Today we celebrate the dedication of working dogs and thank them for their service on the farm & ranch #NationalDogDay https://t.?,#NationalDogDay,,312.0,@USDA,pos
1033865389783109632,08-26-2018,RT @USDA: Today we celebrate the dedication of working dogs and thank them for their service on the farm & ranch #NationalDogDay https://t.?,#NationalDogDay,,312.0,@USDA,pos
1033865349110804480,08-26-2018,RT @USDA: Today we celebrate the dedication of working dogs and thank them for their service on the farm & ranch #NationalDogDay https://t.?,#NationalDogDay,,312.0,@USDA,pos
1033864262618411009,08-26-2018,RT @megbthompson: What makes eggs #organic ? It depends on who you ask.  @USDA backs off increased outdoor access for hens https://t.co/Yrz?,#organic,,4.0,"@megbthompson,@USDA",pos
1033863727894777856,08-26-2018,RT @msw_ITFIO: @JohnFasoNy @SecretarySonny .@RepJohnFaso?s #FarmBill included a provision that allowed the .@EPA to fast-track the approval?,#FarmBill,,9.0,"@msw_ITFIO,@JohnFasoNy,@SecretarySonny,@RepJohnFaso,@EPA",neg
1033863419714301954,08-26-2018,RT @USDA: Today we celebrate the dedication of working dogs and thank them for their service on the farm & ranch #NationalDogDay https://t.?,#NationalDogDay,,312.0,@USDA,pos
1033863201623101440,08-26-2018,RT @USDA: Today we celebrate the dedication of working dogs and thank them for their service on the farm & ranch #NationalDogDay https://t.?,#NationalDogDay,,312.0,@USDA,pos
1033862775225950209,08-26-2018,RT @USDA: Today we celebrate the dedication of working dogs and thank them for their service on the farm & ranch #NationalDogDay https://t.?,#NationalDogDay,,312.0,@USDA,pos
1033862314620080129,08-26-2018,RT @msw_ITFIO: @JohnFasoNy @SecretarySonny .@RepJohnFaso?s #FarmBill included a provision that allowed the .@EPA to fast-track the approval?,#FarmBill,,9.0,"@msw_ITFIO,@JohnFasoNy,@SecretarySonny,@RepJohnFaso,@EPA",neg
1033862084159782915,08-26-2018,RT @msw_ITFIO: @JohnFasoNy @SecretarySonny .@RepJohnFaso?s #FarmBill included a provision that allowed the .@EPA to fast-track the approval?,#FarmBill,,9.0,"@msw_ITFIO,@JohnFasoNy,@SecretarySonny,@RepJohnFaso,@EPA",neg
1033861513545691136,08-26-2018,RT @USDA: Today we celebrate the dedication of working dogs and thank them for their service on the farm & ranch #NationalDogDay https://t.?,#NationalDogDay,,312.0,@USDA,pos
1033860989526192129,08-26-2018,RT @USDA: Today we celebrate the dedication of working dogs and thank them for their service on the farm & ranch #NationalDogDay https://t.?,#NationalDogDay,,312.0,@USDA,pos
1033860849797144577,08-26-2018,Thank you #USDA defending against waivers. Waived gal.s of last few years equal almost 1/2 of 2017-8 carryover.,,,,,pos
1033859921740062720,08-26-2018,US apple estimate slides 6% below @USDA numbers https://t.co/HzxYnQC2G7 @thepacker,,,0.0,"@USDA,@thepacker",neg
1033859425981751296,08-26-2018,US: @USDA's Harmonized Good Agricultural Practices Plus+ program accepted as equivalent by Global Food Safety Initi? https://t.co/NC6FOEzORO,,,0.0,@USDA,neg
1033858643299627008,08-26-2018,RT @ScottTaylorTV: I-Team Alert:  @WhiteCoatWaste claims @USDA kills hundreds of kittens a year inside a Maryland lab.    @ABC7News & @RepM?,,,53.0,"@ScottTaylorTV,@WhiteCoatWaste,@USDA,@ABC7News",pos
1033858476584435713,08-26-2018,RT @RepJenniffer: We are committed and working hard towards the recovery of Puerto Rico. Proof of this was the recent visit of @SecretarySo?,,,17.0,@RepJenniffer,pos
1033856098586058758,08-26-2018,RT @USDA: Today we celebrate the dedication of working dogs and thank them for their service on the farm & ranch #NationalDogDay https://t.?,#NationalDogDay,,312.0,@USDA,pos
1033855967039873024,08-26-2018,"RT @SecretarySonny: John McCain served his country with dedication and honor, as Navy officer, POW in Vietnam, member of House & Senate. He?",,,69.0,@SecretarySonny,neg
1033854255369801728,08-26-2018,RT @USDA: Today we celebrate the dedication of working dogs and thank them for their service on the farm & ranch #NationalDogDay https://t.?,#NationalDogDay,,312.0,@USDA,pos
1033853559790620674,08-26-2018,"RT @saghonduras: En el Litoral Atlántico de #Honduras: #SAG y @USDA, impulsan producción de #cacao fino #HondurasAvanza https://t.co/SQrzQY?","#Honduras,#SAG,#cacao,#HondurasAvanza",,17.0,"@saghonduras,@USDA",neg
1033852622741098496,08-26-2018,RT @RepJohnFaso: It was a pleasure to have @SecretarySonny in Columbia County visiting two local farms. Upstate New York is home to the har?,,,6.0,"@RepJohnFaso,@SecretarySonny",neg
1033852426489495554,08-26-2018,RT @RepJohnFaso: .@SecretarySonny and I sat down with Upstate Dairy Farmers to engage on the challenges they face as we continue to work on?,,,7.0,"@RepJohnFaso,@SecretarySonny",neg
1033851388042899457,08-26-2018,RT @USDA: Today we celebrate the dedication of working dogs and thank them for their service on the farm & ranch #NationalDogDay https://t.?,#NationalDogDay,,312.0,@USDA,pos
1033850779956858880,08-26-2018,RT @FunnyJulius: PLEASE BAN PARSLEY @USDA https://t.co/0Pi7IuOAfj,,,8.0,"@FunnyJulius,@USDA",neg
1033849614305091584,08-26-2018,RT @USDA: Today we celebrate the dedication of working dogs and thank them for their service on the farm & ranch #NationalDogDay https://t.?,#NationalDogDay,,312.0,@USDA,pos
1033849167213416448,08-26-2018,@unfoundation @futurecitiescat @jcinews @innovateuk @UNESCO_MAB @HomeDepot @HarborFreight @B2science @biospheremtl? https://t.co/QiBa1ZTN24,,,0.0,"@unfoundation,@futurecitiescat,@jcinews,@innovateuk,@UNESCO_MAB,@HomeDepot,@HarborFreight,@B2science,@biospheremtl",neg
1033848721174188035,08-26-2018,RT @bornstandin: @USDA #NationalDogDay https://t.co/OLtJesjjah,#NationalDogDay,,1.0,"@bornstandin,@USDA",neg
1033848463568580610,08-26-2018,Dear FOMC ,,,,,neg
1033848390914695168,08-26-2018,RT @USDA: Today we celebrate the dedication of working dogs and thank them for their service on the farm & ranch #NationalDogDay https://t.?,#NationalDogDay,,312.0,@USDA,pos
1033848095056883712,08-26-2018,RT @mikechanat: @GlobalBioD @CDCgov @4H @USDA @USDAPress What an awesome way to get young people into the field and understanding what publ?,,,1.0,"@mikechanat,@GlobalBioD,@CDCgov,@4H,@USDA,@USDAPress",pos
1033848077046751232,08-26-2018,@unfoundation @futurecitiescat @jcinews @innovateuk @UNESCO_MAB @HomeDepot @HarborFreight @B2science @biospheremtl? https://t.co/gEtAAXQDxE,,,0.0,"@unfoundation,@futurecitiescat,@jcinews,@innovateuk,@UNESCO_MAB,@HomeDepot,@HarborFreight,@B2science,@biospheremtl",neg
1033848006443859968,08-26-2018,RT @USDA: Today we celebrate the dedication of working dogs and thank them for their service on the farm & ranch #NationalDogDay https://t.?,#NationalDogDay,,312.0,@USDA,pos
1033847241222627330,08-26-2018,@unfoundation @futurecitiescat @jcinews @innovateuk @UNESCO_MAB @HomeDepot @HarborFreight @B2science @biospheremtl? https://t.co/rUlkfYukZg,,,0.0,"@unfoundation,@futurecitiescat,@jcinews,@innovateuk,@UNESCO_MAB,@HomeDepot,@HarborFreight,@B2science,@biospheremtl",neg
1033844686216208385,08-26-2018,"RT @FarmersGov: This #FridaysOnTheFarm, meet Mississippi farmer Van Killen. By using a #hightunnel, drip irrigation & cover crops, Van has?","#FridaysOnTheFarm,#hightunnel",,13.0,@FarmersGov,pos
1033840972076122114,08-26-2018,RT @USDA: Today we celebrate the dedication of working dogs and thank them for their service on the farm & ranch #NationalDogDay https://t.?,#NationalDogDay,,312.0,@USDA,pos
1033840774738149376,08-26-2018,RT @USDA: Today we celebrate the dedication of working dogs and thank them for their service on the farm & ranch #NationalDogDay https://t.?,#NationalDogDay,,312.0,@USDA,pos
1033840514317991936,08-26-2018,RT @USDA: Today we celebrate the dedication of working dogs and thank them for their service on the farm & ranch #NationalDogDay https://t.?,#NationalDogDay,,312.0,@USDA,pos
1033840503333310466,08-26-2018,RT @USDA: Today we celebrate the dedication of working dogs and thank them for their service on the farm & ranch #NationalDogDay https://t.?,#NationalDogDay,,312.0,@USDA,pos
1033840485197078533,08-26-2018,RT @USDA: Today we celebrate the dedication of working dogs and thank them for their service on the farm & ranch #NationalDogDay https://t.?,#NationalDogDay,,312.0,@USDA,pos
1033837744814997504,08-26-2018,"The decision allows a case challenging @USDA withdrawal of the #OrganicLivestock #Poultry Practices rule, a regulat? https://t.co/YVIH8Dx6AE","#OrganicLivestock,#Poultry",,0.0,@USDA,neg
1033835281131008000,08-26-2018,RT @USDA: Today we celebrate the dedication of working dogs and thank them for their service on the farm & ranch #NationalDogDay https://t.?,#NationalDogDay,,312.0,@USDA,pos
1033835102151815169,08-26-2018,RT @USDA: Today we celebrate the dedication of working dogs and thank them for their service on the farm & ranch #NationalDogDay https://t.?,#NationalDogDay,,312.0,@USDA,pos
1033834336766676993,08-26-2018,RT @USDA: Today we celebrate the dedication of working dogs and thank them for their service on the farm & ranch #NationalDogDay https://t.?,#NationalDogDay,,312.0,@USDA,pos
1033832981947985923,08-26-2018,RT @USDA: Today we celebrate the dedication of working dogs and thank them for their service on the farm & ranch #NationalDogDay https://t.?,#NationalDogDay,,312.0,@USDA,pos
1033832891959136256,08-26-2018,RT @USDA: Today we celebrate the dedication of working dogs and thank them for their service on the farm & ranch #NationalDogDay https://t.?,#NationalDogDay,,312.0,@USDA,pos
1033831571852120064,08-26-2018,RT @USDA: Today we celebrate the dedication of working dogs and thank them for their service on the farm & ranch #NationalDogDay https://t.?,#NationalDogDay,,312.0,@USDA,pos
1033831482660286464,08-26-2018,RT @USDA: Today we celebrate the dedication of working dogs and thank them for their service on the farm & ranch #NationalDogDay https://t.?,#NationalDogDay,,312.0,@USDA,pos
1033830026897248257,08-26-2018,RT @_HorsesForLife: HSUS Is Fighting Back After @USDA Hides #AnimalWelfare Data. https://t.co/GHfM3a733v? #NoUSDAblackout #HorseProtectionA?,"#AnimalWelfare,#NoUSDAblackout",,14.0,"@_HorsesForLife,@USDA",neg
1033829951739449349,08-26-2018,"RT @_HorsesForLife: ? Proactive leadership! The Senate sponsors of The PAST Act (S.2957), @MarkWarner & @MikeCrapo, are putting pressure on?",,,12.0,"@_HorsesForLife,@MarkWarner,@MikeCrapo",pos
1033827583492804620,08-26-2018,RT @USDA: Today we celebrate the dedication of working dogs and thank them for their service on the farm & ranch #NationalDogDay https://t.?,#NationalDogDay,,312.0,@USDA,pos
1033825571741028352,08-26-2018,Beef consumption per capita by nation @USDA @usdatagov @POTUS @XHNews @RT_com @nytimes @thetimes https://t.co/nl6XUxw9ee,,,0.0,"@USDA,@usdatagov,@POTUS,@XHNews,@RT_com,@nytimes,@thetimes",neg
1033825115136577536,08-26-2018,@WhiteCoatWaste Did @usda end their cat/kitten killing yet? What about @sunyopt & their torture/killing of cats?,,,0.0,"@WhiteCoatWaste,@USDA,@sunyopt",neg
1033824883984228353,08-26-2018,RT @USDA: Today we celebrate the dedication of working dogs and thank them for their service on the farm & ranch #NationalDogDay https://t.?,#NationalDogDay,,312.0,@USDA,pos
1033824101746520066,08-26-2018,"RT @rileywpagett: 296 @NationalFFA state officers from all 50 states, Puerto Rico, & the U.S. Virgin Islands are in DC this week. Kicking t?",,,20.0,"@rileywpagett,@NationalFFA",pos
1033823346016673792,08-26-2018,"RT @AWIOnline: #Coyotes, #BlackBears and #MountainLions thank you #Siskiyou County for suspending @USDA wildlife-killing program in respons?","#Coyotes,#BlackBears,#MountainLions,#Siskiyou",,7.0,"@AWIOnline,@USDA",pos
1033823295412436992,08-26-2018,RT @AWIOnline: AWI filed a lawsuit today to challenge @USDA?s decision to not proactively disclose slaughter records that are essential to?,,,3.0,"@AWIOnline,@USDA",neg
1033822436373012482,08-26-2018,RT @USDA: Today we celebrate the dedication of working dogs and thank them for their service on the farm & ranch #NationalDogDay https://t.?,#NationalDogDay,,312.0,@USDA,pos
1033821411322810368,08-26-2018,"#ICYMI: Through the Water & Waste Disposal Loan & Grant program, the @USDA is investing more than $124 million into? https://t.co/eEiAotCgEJ",#ICYMI,,0.0,@USDA,neg
1033821183706374144,08-26-2018,"RT @SecretarySonny: John McCain served his country with dedication and honor, as Navy officer, POW in Vietnam, member of House & Senate. He?",,,69.0,@SecretarySonny,neg
1033820591466446848,08-26-2018,RT @Contagion_Live: #ICYMI: We?ve compiled a list of @US_FDA @USDA #recalls that you should know about: ,,,,,pos
1033820500370317314,08-26-2018,RT @USDA: Today we celebrate the dedication of working dogs and thank them for their service on the farm & ranch #NationalDogDay https://t.?,#NationalDogDay,,312.0,@USDA,pos
1033820464190251009,08-26-2018,@USDA We wouldn't be sheep farming without them.,,,0.0,@USDA,neg
1033820459907858432,08-26-2018,RT @USDA: Today we celebrate the dedication of working dogs and thank them for their service on the farm & ranch #NationalDogDay https://t.?,#NationalDogDay,,312.0,@USDA,pos
1033820127257677825,08-26-2018,#ICYMI: We?ve compiled a list of @US_FDA @USDA #recalls that you should know about: ,,,,,pos
1033819495914242048,08-26-2018,RT @USDA: Today we celebrate the dedication of working dogs and thank them for their service on the farm & ranch #NationalDogDay https://t.?,#NationalDogDay,,312.0,@USDA,pos
1033818930136195072,08-26-2018,RT @USDA: Today we celebrate the dedication of working dogs and thank them for their service on the farm & ranch #NationalDogDay https://t.?,#NationalDogDay,,312.0,@USDA,pos
1033818907105091584,08-26-2018,RT @USDA: Today we celebrate the dedication of working dogs and thank them for their service on the farm & ranch #NationalDogDay https://t.?,#NationalDogDay,,312.0,@USDA,pos
1033818793804488704,08-26-2018,RT @USDA: Today we celebrate the dedication of working dogs and thank them for their service on the farm & ranch #NationalDogDay https://t.?,#NationalDogDay,,312.0,@USDA,pos
1033818313011470336,08-26-2018,RT @USDA: Today we celebrate the dedication of working dogs and thank them for their service on the farm & ranch #NationalDogDay https://t.?,#NationalDogDay,,312.0,@USDA,pos
1033817783891636224,08-26-2018,RT @USDA: Today we celebrate the dedication of working dogs and thank them for their service on the farm & ranch #NationalDogDay https://t.?,#NationalDogDay,,312.0,@USDA,pos
1033816949904617474,08-26-2018,RT @USDA_NRCS: #DYK there are more microbes in a teaspoon of healthy soil than there are people on Earth? https://t.co/pEHIAnQEdR #soilheal?,#DYK,,63.0,@USDA_NRCS,neg
1033816196402110465,08-26-2018,RT @NYFarmer: Wow. This link says that @NYGovCuomo wouldn?t allow @SecretarySonny to speak at the NY State Fair. This is first time a Sec o?,,,7.0,"@NYFarmer,@NYGovCuomo,@SecretarySonny",pos
1033815437266640901,08-26-2018,"RT @SecretarySonny: John McCain served his country with dedication and honor, as Navy officer, POW in Vietnam, member of House & Senate. He?",,,69.0,@SecretarySonny,neg
1033814985640562688,08-26-2018,@SecretarySonny @SecretaryZinke ,,,,,neg
1033814830426345473,08-26-2018,"RT @_HorsesForLife: ? Proactive leadership! The Senate sponsors of The PAST Act (S.2957), @MarkWarner & @MikeCrapo, are putting pressure on?",,,12.0,"@_HorsesForLife,@MarkWarner,@MikeCrapo",pos
1033814346097278976,08-26-2018,RT @USDA: Today we celebrate the dedication of working dogs and thank them for their service on the farm & ranch #NationalDogDay https://t.?,#NationalDogDay,,312.0,@USDA,pos
1033814076755861504,08-26-2018,RT @USDA: Today we celebrate the dedication of working dogs and thank them for their service on the farm & ranch #NationalDogDay https://t.?,#NationalDogDay,,312.0,@USDA,pos
1033812659982856193,08-26-2018,RT @USDA: Today we celebrate the dedication of working dogs and thank them for their service on the farm & ranch #NationalDogDay https://t.?,#NationalDogDay,,312.0,@USDA,pos
1033810787700297729,08-26-2018,RT @BeeBeeBeeLeaves: @OliverMcGee @POTUS @realDonaldTrump @TexasTech @virgilioAgomez Beautifully done! Wow. Chills. ????????  ??,,,,,pos
1033810742787670016,08-26-2018,@USDA ,,,,,neg
1033810172907405312,08-26-2018,@swiv2010 @Time4Solvency @boringcompany @elonmusk @elonmusk ,,,,,neg
1033809870812672002,08-26-2018,RT @Wonder_PaC: Heidi Heitkamp knows that farmers are the backbone in #ND and works tirelessly to support them by passing bipartisan legisl?,#ND,,2.0,@Wonder_PaC,pos
1033808643731468293,08-26-2018,RT @NancyWonderful: WHAT ?  It's funny .. #BabyTrump  https://t.co/cgePMvCfBe @gnuman1979 @kathygriffin @StateDept @DeptofDefense @TheJusti?,#BabyTrump,,5.0,"@NancyWonderful,@gnuman1979,@kathygriffin,@StateDept,@DeptofDefense",pos
1033808319943770115,08-26-2018,@SecretarySonny @PressSec @POTUS He only stands for himself.   Show his expenditures since taking office.   Let the people know the truth.,,,0.0,"@SecretarySonny,@PressSec,@POTUS",neg
1033806701730746368,08-26-2018,RT @USDA: Today we celebrate the dedication of working dogs and thank them for their service on the farm & ranch #NationalDogDay https://t.?,#NationalDogDay,,312.0,@USDA,pos
1033806519329013760,08-26-2018,"RT @WhiteCoatWaste: ?? She is forced to breed 100s of #kittens who are infected, killed & incinerated in the @USDA?s deadly taxpayer-funded?",#kittens,,31.0,"@WhiteCoatWaste,@USDA",neg
1033806350617214977,08-26-2018,@USDA I?ll be speaking to a group of 90 college seniors at an #agriculture #Conference in November about self-manag? https://t.co/1TRzmGx2Vg,"#agriculture,#Conference",,0.0,@USDA,neg
1033805453317292037,08-26-2018,RT @USDA: Today we celebrate the dedication of working dogs and thank them for their service on the farm & ranch #NationalDogDay https://t.?,#NationalDogDay,,312.0,@USDA,pos
1033804881658871809,08-26-2018,"RT @bajgambia: GYIN Gambia Rural Youth Award winner gives testimonies says ""I makes over D20,000.00 profit in four months ",,,,,pos
1033804788486553600,08-26-2018,RT @RepJenniffer: We are committed and working hard towards the recovery of Puerto Rico. Proof of this was the recent visit of @SecretarySo?,,,17.0,@RepJenniffer,pos
1033804254576869377,08-26-2018,"RT @FarmPolicy: The @USDA ag export forecast is updated in Feb., May, Aug. & Dec.  The August update will be released on Wednesday https://?",,,3.0,"@FarmPolicy,@USDA",pos
1033803122366455808,08-26-2018,RT @RepJenniffer: We are committed and working hard towards the recovery of Puerto Rico. Proof of this was the recent visit of @SecretarySo?,,,17.0,@RepJenniffer,pos
1033802526666252289,08-26-2018,RT @RepJenniffer: We are committed and working hard towards the recovery of Puerto Rico. Proof of this was the recent visit of @SecretarySo?,,,17.0,@RepJenniffer,pos
1033798340935221248,08-26-2018,RT @USDA: Today we celebrate the dedication of working dogs and thank them for their service on the farm & ranch #NationalDogDay https://t.?,#NationalDogDay,,312.0,@USDA,pos
1033796496846737409,08-26-2018,@RepTenney @SBALinda @SecretarySonny You take money from the NRA.  The NRA gives you an ?A? rating.,,,0.0,"@RepTenney,@SBALinda,@SecretarySonny",pos
1033796027688648706,08-26-2018,RT @USDA: Today we celebrate the dedication of working dogs and thank them for their service on the farm & ranch #NationalDogDay https://t.?,#NationalDogDay,,312.0,@USDA,pos
1033791196970274816,08-26-2018,RT @USDA: Today we celebrate the dedication of working dogs and thank them for their service on the farm & ranch #NationalDogDay https://t.?,#NationalDogDay,,312.0,@USDA,pos
1033791075972833280,08-26-2018,RT @USDA: Today we celebrate the dedication of working dogs and thank them for their service on the farm & ranch #NationalDogDay https://t.?,#NationalDogDay,,312.0,@USDA,pos
1033789758487584776,08-26-2018,RT @USDA: Today we celebrate the dedication of working dogs and thank them for their service on the farm & ranch #NationalDogDay https://t.?,#NationalDogDay,,312.0,@USDA,pos
1033788882523959296,08-26-2018,RT @USDA: Today we celebrate the dedication of working dogs and thank them for their service on the farm & ranch #NationalDogDay https://t.?,#NationalDogDay,,312.0,@USDA,pos
1033788142069768193,08-26-2018,@USDA Charlie Brown would like to thank the working dogs for making this bone possible! #NationalDogDay https://t.co/F6crMsS85g,#NationalDogDay,,0.0,@USDA,pos
1033787778063056896,08-26-2018,RT @msw_ITFIO: @JohnFasoNy @SecretarySonny .@RepJohnFaso?s #FarmBill included a provision that allowed the .@EPA to fast-track the approval?,#FarmBill,,9.0,"@msw_ITFIO,@JohnFasoNy,@SecretarySonny,@RepJohnFaso,@EPA",neg
1033787504011472899,08-26-2018,RT @RepJenniffer: We are committed and working hard towards the recovery of Puerto Rico. Proof of this was the recent visit of @SecretarySo?,,,17.0,@RepJenniffer,pos
1033784989031260160,08-26-2018,"The @USDA ag export forecast is updated in Feb., May, Aug. & Dec.  The August update will be released on Wednesday? https://t.co/eCbMiMZh0x",,,3.0,@USDA,pos
1033784698487668736,08-26-2018,@USDA https://t.co/RnFt4WxuTS,,,0.0,@USDA,neg
1033784634948108289,08-26-2018,"RT @SecretarySonny: John McCain served his country with dedication and honor, as Navy officer, POW in Vietnam, member of House & Senate. He?",,,69.0,@SecretarySonny,neg
1033784022344912901,08-26-2018,RT @USDA: Today we celebrate the dedication of working dogs and thank them for their service on the farm & ranch #NationalDogDay https://t.?,#NationalDogDay,,312.0,@USDA,pos
1033783888068390914,08-26-2018,@SnoopDogg @SecretarySonny @SecondCupCanada have server say thank you audio in secondary languages with $MIT @MIT l? https://t.co/rFFLlM9aTL,,,0.0,"@SnoopDogg,@SecretarySonny,@SecondCupCanada,@MIT",neg
1033783537726574592,08-26-2018,RT @USDA: Today we celebrate the dedication of working dogs and thank them for their service on the farm & ranch #NationalDogDay https://t.?,#NationalDogDay,,312.0,@USDA,pos
1033781010838839297,08-26-2018,RT @USDA: Today we celebrate the dedication of working dogs and thank them for their service on the farm & ranch #NationalDogDay https://t.?,#NationalDogDay,,312.0,@USDA,pos
1033780418515030016,08-26-2018,RT @USDA: Today we celebrate the dedication of working dogs and thank them for their service on the farm & ranch #NationalDogDay https://t.?,#NationalDogDay,,312.0,@USDA,pos
1033778659411161088,08-26-2018,"RT @SecretarySonny: John McCain served his country with dedication and honor, as Navy officer, POW in Vietnam, member of House & Senate. He?",,,69.0,@SecretarySonny,neg
1033777049096388609,08-26-2018,RT @USDA: Today we celebrate the dedication of working dogs and thank them for their service on the farm & ranch #NationalDogDay https://t.?,#NationalDogDay,,312.0,@USDA,pos
1033776674427555845,08-26-2018,RT @USDA: Today we celebrate the dedication of working dogs and thank them for their service on the farm & ranch #NationalDogDay https://t.?,#NationalDogDay,,312.0,@USDA,pos
1033776364854411266,08-26-2018,RT @FunnyJulius: PLEASE BAN PARSLEY @USDA https://t.co/0Pi7IuOAfj,,,8.0,"@FunnyJulius,@USDA",neg
1033775216772743169,08-26-2018,RT @NancyWonderful: WHAT ?  It's funny .. #BabyTrump  https://t.co/cgePMvCfBe @gnuman1979 @kathygriffin @StateDept @DeptofDefense @TheJusti?,#BabyTrump,,5.0,"@NancyWonderful,@gnuman1979,@kathygriffin,@StateDept,@DeptofDefense",pos
1033774781781495819,08-26-2018,RT @USDA: Today we celebrate the dedication of working dogs and thank them for their service on the farm & ranch #NationalDogDay https://t.?,#NationalDogDay,,312.0,@USDA,pos
1033773676020359169,08-26-2018,RT @NancyWonderful: ...    WHAT ?  It's funny .. #BabyTrump  https://t.co/cgePMvCfBe @gnuman1979 @kathygriffin @StateDept @DeptofDefense @T?,#BabyTrump,,2.0,"@NancyWonderful,@gnuman1979,@kathygriffin,@StateDept,@DeptofDefense",neg
1033773660224610305,08-26-2018,RT @NancyWonderful: WHAT ?  It's funny .. #BabyTrump  https://t.co/cgePMvCfBe @gnuman1979 @kathygriffin @StateDept @DeptofDefense @TheJusti?,#BabyTrump,,5.0,"@NancyWonderful,@gnuman1979,@kathygriffin,@StateDept,@DeptofDefense",pos
1033773653014585345,08-26-2018,RT @NancyWonderful: WHAT ?  It's funny .. #BabyTrump  https://t.co/cgePMvCfBe @gnuman1979 @kathygriffin @StateDept @DeptofDefense @TheJusti?,#BabyTrump,,5.0,"@NancyWonderful,@gnuman1979,@kathygriffin,@StateDept,@DeptofDefense",pos
1033772959947612160,08-26-2018,RT @USDA: Today we celebrate the dedication of working dogs and thank them for their service on the farm & ranch #NationalDogDay https://t.?,#NationalDogDay,,312.0,@USDA,pos
1033772168847482880,08-26-2018,RT @NancyWonderful: WHAT ?  It's funny .. #BabyTrump  https://t.co/cgePMvCfBe @gnuman1979 @kathygriffin @StateDept @DeptofDefense @TheJusti?,#BabyTrump,,5.0,"@NancyWonderful,@gnuman1979,@kathygriffin,@StateDept,@DeptofDefense",pos
1033772150656774144,08-26-2018,RT @NancyWonderful: ...    WHAT ?  It's funny .. #BabyTrump  https://t.co/cgePMvCfBe @gnuman1979 @kathygriffin @StateDept @DeptofDefense @T?,#BabyTrump,,2.0,"@NancyWonderful,@gnuman1979,@kathygriffin,@StateDept,@DeptofDefense",neg
1033772087146676225,08-26-2018,RT @USDA: Today we celebrate the dedication of working dogs and thank them for their service on the farm & ranch #NationalDogDay https://t.?,#NationalDogDay,,312.0,@USDA,pos
1033771721936064514,08-26-2018,...    WHAT ?  It's funny .. #BabyTrump  https://t.co/cgePMvCfBe @gnuman1979 @kathygriffin @StateDept? https://t.co/GNfowv42Fr,#BabyTrump,,2.0,"@gnuman1979,@kathygriffin,@StateDept",pos
1033771653501734912,08-26-2018,RT @USDA: Today we celebrate the dedication of working dogs and thank them for their service on the farm & ranch #NationalDogDay https://t.?,#NationalDogDay,,312.0,@USDA,pos
1033771537059536897,08-26-2018,WHAT ?  It's funny .. #BabyTrump  https://t.co/cgePMvCfBe @gnuman1979 @kathygriffin @StateDept @DeptofDefense? https://t.co/WYBll6n0iD,#BabyTrump,,5.0,"@gnuman1979,@kathygriffin,@StateDept,@DeptofDefense",pos
1033771231710007296,08-26-2018,RT @USDA: Today we celebrate the dedication of working dogs and thank them for their service on the farm & ranch #NationalDogDay https://t.?,#NationalDogDay,,312.0,@USDA,pos
1033771005544734721,08-26-2018,RT @USDA: Today we celebrate the dedication of working dogs and thank them for their service on the farm & ranch #NationalDogDay https://t.?,#NationalDogDay,,312.0,@USDA,pos
1033770341972275200,08-26-2018,RT @USDA: Today we celebrate the dedication of working dogs and thank them for their service on the farm & ranch #NationalDogDay https://t.?,#NationalDogDay,,312.0,@USDA,pos
1033768473086705664,08-26-2018,RT @CFugie: #wildlifeservices practices have gone unchecked for far too long. @usda is complicit in the obscenely careless extermination of?,#wildlifeservices,,1.0,"@CFugie,@USDA",neg
1033768176826298368,08-26-2018,@ForestServiceNW @KOINNews @KATUNews @KIRO7Seattle @komonews @nwfireblog @NWCCInfo @Q13FOX @forestservice @USDA @fox12oregon WOW,,,0.0,"@ForestServiceNW,@KOINNews,@KATUNews,@KIRO7Seattle,@komonews,@nwfireblog,@NWCCInfo,@Q13FOX,@forestservice,@USDA,@fox12oregon",neg
1033767980742713344,08-26-2018,RT @USDA: Today we celebrate the dedication of working dogs and thank them for their service on the farm & ranch #NationalDogDay https://t.?,#NationalDogDay,,312.0,@USDA,pos
1033766827229364224,08-26-2018,@moetmalcolm @FunnyJulius @USDA I?m just smh,,,0.0,"@moetmalcolm,@FunnyJulius,@USDA",neg
1033765878029058048,08-26-2018,@GlobalBioD @CDCgov @4H @USDA @USDAPress What an awesome way to get young people into the field and understanding w? https://t.co/xiiMUZaTzj,,,1.0,"@GlobalBioD,@CDCgov,@4H,@USDA,@USDAPress",pos
1033764805696520192,08-26-2018,RT @USDA: Today we celebrate the dedication of working dogs and thank them for their service on the farm & ranch #NationalDogDay https://t.?,#NationalDogDay,,312.0,@USDA,pos
1033764328204320769,08-26-2018,RT @USDA: Today we celebrate the dedication of working dogs and thank them for their service on the farm & ranch #NationalDogDay https://t.?,#NationalDogDay,,312.0,@USDA,pos
1033763933621022721,08-26-2018,RT @USDA: Today we celebrate the dedication of working dogs and thank them for their service on the farm & ranch #NationalDogDay https://t.?,#NationalDogDay,,312.0,@USDA,pos
1033763923600715776,08-26-2018,RT @USDA: Today we celebrate the dedication of working dogs and thank them for their service on the farm & ranch #NationalDogDay https://t.?,#NationalDogDay,,312.0,@USDA,pos
1033763598374453251,08-26-2018,RT @RepJenniffer: We are committed and working hard towards the recovery of Puerto Rico. Proof of this was the recent visit of @SecretarySo?,,,17.0,@RepJenniffer,pos
1033763423203586048,08-26-2018,RT @USDA: Today we celebrate the dedication of working dogs and thank them for their service on the farm & ranch #NationalDogDay https://t.?,#NationalDogDay,,312.0,@USDA,pos
1033762779692494848,08-26-2018,RT @USDA: Today we celebrate the dedication of working dogs and thank them for their service on the farm & ranch #NationalDogDay https://t.?,#NationalDogDay,,312.0,@USDA,pos
1033761509418192898,08-26-2018,RT @USDA: Today we celebrate the dedication of working dogs and thank them for their service on the farm & ranch #NationalDogDay https://t.?,#NationalDogDay,,312.0,@USDA,pos
1033760815889899520,08-26-2018,RT @USDA: Today we celebrate the dedication of working dogs and thank them for their service on the farm & ranch #NationalDogDay https://t.?,#NationalDogDay,,312.0,@USDA,pos
1033760709082054658,08-26-2018,RT @FunnyJulius: PLEASE BAN PARSLEY @USDA https://t.co/0Pi7IuOAfj,,,8.0,"@FunnyJulius,@USDA",neg
1033760168083955714,08-26-2018,RT @Jenniffer2012: Estamos comprometidos y trabajando arduamente por la recuperación de Puerto Rico. Quedó demostrado con la visita de @Sec?,,,9.0,@Jenniffer2012,pos
1033759438816063489,08-26-2018,RT @USDA: Today we celebrate the dedication of working dogs and thank them for their service on the farm & ranch #NationalDogDay https://t.?,#NationalDogDay,,312.0,@USDA,pos
1033759234222116864,08-26-2018,Join @agripulse and @AgBizKC for #2018AgOutlookForum  https://t.co/dIAgsMmx0y @USDA #SteveCensky #RobertJohansson? https://t.co/gOptOv2q2H,"#2018AgOutlookForum,#SteveCensky,#RobertJohansson",,0.0,"@agripulse,@AgBizKC,@USDA",neg
1033758961634291712,08-26-2018,RT @USDA: Today we celebrate the dedication of working dogs and thank them for their service on the farm & ranch #NationalDogDay https://t.?,#NationalDogDay,,312.0,@USDA,pos
1033758753747881985,08-26-2018,RT @RepJenniffer: We are committed and working hard towards the recovery of Puerto Rico. Proof of this was the recent visit of @SecretarySo?,,,17.0,@RepJenniffer,pos
1033758134261764099,08-26-2018,@RepJenniffer @SecretarySonny @USDA Puerto Rico somehow isn?t ?American? enough for regional or local funding. In y? https://t.co/QGAV0g3MVM,,,0.0,"@RepJenniffer,@SecretarySonny,@USDA",neg
1033758133087129600,08-26-2018,RT @FunnyJulius: PLEASE BAN PARSLEY @USDA https://t.co/0Pi7IuOAfj,,,8.0,"@FunnyJulius,@USDA",neg
1033758097020473344,08-26-2018,RT @USDA: Today we celebrate the dedication of working dogs and thank them for their service on the farm & ranch #NationalDogDay https://t.?,#NationalDogDay,,312.0,@USDA,pos
1033758052120506369,08-26-2018,RT @FunnyJulius: PLEASE BAN PARSLEY @USDA https://t.co/0Pi7IuOAfj,,,8.0,"@FunnyJulius,@USDA",neg
1033757906133573638,08-26-2018,@FunnyJulius @USDA What the fuck is this shit? https://t.co/d7xpoH8kZ6,,,0.0,"@FunnyJulius,@USDA",neg
1033757704169435137,08-26-2018,@FunnyJulius @USDA @trapgodkenya,,,0.0,"@FunnyJulius,@USDA,@trapgodkenya",neg
1033757159857840130,08-26-2018,@USDA @CalandroC working dogs could be used very very loosely around our house...??,,,0.0,"@USDA,@CalandroC",neg
1033757129012912128,08-26-2018,RT @Jenniffer2012: Estamos comprometidos y trabajando arduamente por la recuperación de Puerto Rico. Quedó demostrado con la visita de @Sec?,,,9.0,@Jenniffer2012,pos
1033756278332563456,08-26-2018,RT @FunnyJulius: PLEASE BAN PARSLEY @USDA https://t.co/0Pi7IuOAfj,,,8.0,"@FunnyJulius,@USDA",neg
1033756230546870273,08-26-2018,@FunnyJulius @USDA What the fuck lmao,,,0.0,"@FunnyJulius,@USDA",neg
1033755944767946752,08-26-2018,RT @FunnyJulius: PLEASE BAN PARSLEY @USDA https://t.co/0Pi7IuOAfj,,,8.0,"@FunnyJulius,@USDA",neg
1033755934546436097,08-26-2018,RT @USDA: Today we celebrate the dedication of working dogs and thank them for their service on the farm & ranch #NationalDogDay https://t.?,#NationalDogDay,,312.0,@USDA,pos
1033755800953663488,08-26-2018,PLEASE BAN PARSLEY @USDA https://t.co/0Pi7IuOAfj,,,8.0,@USDA,neg
1033755353098412032,08-26-2018,RT @USDA: Today we celebrate the dedication of working dogs and thank them for their service on the farm & ranch #NationalDogDay https://t.?,#NationalDogDay,,312.0,@USDA,pos
1033755263004815361,08-26-2018,Learning about @TexasCorn from Executive Director David Gibson! They work with research and production affiliations? https://t.co/JDgpr5xMpW,,,0.0,@TexasCorn,pos
1033754981852008448,08-26-2018,@OliverMcGee @POTUS @realDonaldTrump @TexasTech @virgilioAgomez Beautifully done! Wow. Chills. ????????  ??? https://t.co/inYZHeBqAC,,,1.0,"@OliverMcGee,@POTUS,@realDonaldTrump,@TexasTech,@virgilioAgomez",pos
1033754212402978818,08-26-2018,RT @Jenniffer2012: Estamos comprometidos y trabajando arduamente por la recuperación de Puerto Rico. Quedó demostrado con la visita de @Sec?,,,9.0,@Jenniffer2012,pos
1033754154810925056,08-26-2018,@Jenniffer2012 @SecretarySonny @USDA BIENAVENTURADA ERES,,,0.0,"@Jenniffer2012,@SecretarySonny,@USDA",neg
1033753574076047360,08-26-2018,RT @USDA: Today we celebrate the dedication of working dogs and thank them for their service on the farm & ranch #NationalDogDay https://t.?,#NationalDogDay,,312.0,@USDA,pos
1033753470002651139,08-26-2018,RT @USDA: Today we celebrate the dedication of working dogs and thank them for their service on the farm & ranch #NationalDogDay https://t.?,#NationalDogDay,,312.0,@USDA,pos
1033753188300718080,08-26-2018,RT @USDA: Today we celebrate the dedication of working dogs and thank them for their service on the farm & ranch #NationalDogDay https://t.?,#NationalDogDay,,312.0,@USDA,pos
1033752795843895296,08-26-2018,RT @Jenniffer2012: Estamos comprometidos y trabajando arduamente por la recuperación de Puerto Rico. Quedó demostrado con la visita de @Sec?,,,9.0,@Jenniffer2012,pos
1033752773677015041,08-26-2018,RT @RepJenniffer: We are committed and working hard towards the recovery of Puerto Rico. Proof of this was the recent visit of @SecretarySo?,,,17.0,@RepJenniffer,pos
1033752577421205504,08-26-2018,RT @USDA: Today we celebrate the dedication of working dogs and thank them for their service on the farm & ranch #NationalDogDay https://t.?,#NationalDogDay,,312.0,@USDA,pos
1033752235279351811,08-26-2018,RT @RepJenniffer: We are committed and working hard towards the recovery of Puerto Rico. Proof of this was the recent visit of @SecretarySo?,,,17.0,@RepJenniffer,pos
1033751847432056832,08-26-2018,RT @USDA: Today we celebrate the dedication of working dogs and thank them for their service on the farm & ranch #NationalDogDay https://t.?,#NationalDogDay,,312.0,@USDA,pos
1033751772563730441,08-26-2018,RT @RepJenniffer: We are committed and working hard towards the recovery of Puerto Rico. Proof of this was the recent visit of @SecretarySo?,,,17.0,@RepJenniffer,pos
1033751739827212288,08-26-2018,"was stunned when asked to drive McCain, @SecretarySonny (then GA Gov) and McCain?s campaign staff (including? https://t.co/9OyFGCGFJf",,,0.0,@SecretarySonny,neg
1033751506175053825,08-26-2018,RT @Jenniffer2012: Estamos comprometidos y trabajando arduamente por la recuperación de Puerto Rico. Quedó demostrado con la visita de @Sec?,,,9.0,@Jenniffer2012,pos
1033751400344367110,08-26-2018,Estamos comprometidos y trabajando arduamente por la recuperación de Puerto Rico. Quedó demostrado con la visita de? https://t.co/4eCnYUF3P2,,,9.0,,pos
1033751326986051584,08-26-2018,RT @RepJenniffer: We are committed and working hard towards the recovery of Puerto Rico. Proof of this was the recent visit of @SecretarySo?,,,17.0,@RepJenniffer,pos
1033751192189509633,08-26-2018,RT @VP: .@POTUS and I continue to monitor the California wildfires. @SecretaryZinke and @SecretarySonny are on the ground today. THANK YOU?,,,837.0,"@VP,@POTUS,@SecretaryZinke,@SecretarySonny",pos
1033751023242932224,08-26-2018,RT @RepJenniffer: We are committed and working hard towards the recovery of Puerto Rico. Proof of this was the recent visit of @SecretarySo?,,,17.0,@RepJenniffer,pos
1033750855097438210,08-26-2018,"RT @FarmPolicy: U.S., #China #Trade Conflict Could Escalate as Talks Floundered; While @USDA Sets to Release Trade Aid Details https://t.co?","#China,#Trade",,1.0,"@FarmPolicy,@USDA",neg
1033750635576025088,08-26-2018,RT @USDA: Today we celebrate the dedication of working dogs and thank them for their service on the farm & ranch #NationalDogDay https://t.?,#NationalDogDay,,312.0,@USDA,pos
1033750633520742403,08-26-2018,RT @RepJenniffer: We are committed and working hard towards the recovery of Puerto Rico. Proof of this was the recent visit of @SecretarySo?,,,17.0,@RepJenniffer,pos
1033750627019567105,08-26-2018,We are committed and working hard towards the recovery of Puerto Rico. Proof of this was the recent visit of? https://t.co/lBPh6c4ThU,,,17.0,,pos
1033749786183262208,08-26-2018,RT @USDA: Today we celebrate the dedication of working dogs and thank them for their service on the farm & ranch #NationalDogDay https://t.?,#NationalDogDay,,312.0,@USDA,pos
1033749224448552960,08-26-2018,RT @USDA: Today we celebrate the dedication of working dogs and thank them for their service on the farm & ranch #NationalDogDay https://t.?,#NationalDogDay,,312.0,@USDA,pos
1033749056332410880,08-26-2018,RT @USDA: Today we celebrate the dedication of working dogs and thank them for their service on the farm & ranch #NationalDogDay https://t.?,#NationalDogDay,,312.0,@USDA,pos
1033747838180708353,08-26-2018,RT @USDA: Today we celebrate the dedication of working dogs and thank them for their service on the farm & ranch #NationalDogDay https://t.?,#NationalDogDay,,312.0,@USDA,pos
1033747652717019137,08-26-2018,RT @USDA: Today we celebrate the dedication of working dogs and thank them for their service on the farm & ranch #NationalDogDay https://t.?,#NationalDogDay,,312.0,@USDA,pos
1033746220840361985,08-26-2018,There?s still time! The @USDA is calling for public comments by Aug. 28 regarding grading standards for #canola:? https://t.co/z1xIuabWjV,#canola,,0.0,@USDA,neg
1033744688271028225,08-26-2018,RT @USDA: Today we celebrate the dedication of working dogs and thank them for their service on the farm & ranch #NationalDogDay https://t.?,#NationalDogDay,,312.0,@USDA,pos
1033743503212400640,08-26-2018,RT @USDA: Today we celebrate the dedication of working dogs and thank them for their service on the farm & ranch #NationalDogDay https://t.?,#NationalDogDay,,312.0,@USDA,pos
1033743273028923393,08-26-2018,"U.S., #China #Trade Conflict Could Escalate as Talks Floundered; While @USDA Sets to Release Trade Aid Details https://t.co/E7qoqfuXcw","#China,#Trade",,1.0,@USDA,neg
1033742960532152320,08-26-2018,@USDA @JennMacTavish We are able to have sheep because we have working dogs. We?ll give Griff an extra bone today. https://t.co/YETHS5xhWc,,,0.0,"@USDA,@JennMacTavish",neg
1033742886574194688,08-26-2018,RT @USDA: Today we celebrate the dedication of working dogs and thank them for their service on the farm & ranch #NationalDogDay https://t.?,#NationalDogDay,,312.0,@USDA,pos
1033741318273622017,08-26-2018,RT @USDA: Today we celebrate the dedication of working dogs and thank them for their service on the farm & ranch #NationalDogDay https://t.?,#NationalDogDay,,312.0,@USDA,pos
1033741242234896385,08-26-2018,RT @USDA: Today we celebrate the dedication of working dogs and thank them for their service on the farm & ranch #NationalDogDay https://t.?,#NationalDogDay,,312.0,@USDA,pos
1033740531573108736,08-26-2018,RT @USDA: Today we celebrate the dedication of working dogs and thank them for their service on the farm & ranch #NationalDogDay https://t.?,#NationalDogDay,,312.0,@USDA,pos
1033740270662295553,08-26-2018,RT @USDA: Today we celebrate the dedication of working dogs and thank them for their service on the farm & ranch #NationalDogDay https://t.?,#NationalDogDay,,312.0,@USDA,pos
1033739303761862656,08-26-2018,RT @ForestServiceNW: Learn how #firefighters are using drones to attack #wildfires! @forestservice @USDA @ORDeptForestry @BLMOregon @waDNR_?,"#firefighters,#wildfires",,18.0,"@ForestServiceNW,@forestservice,@USDA,@ORDeptForestry,@BLMOregon",pos
1033739101361434624,08-26-2018,RT @USDA: Today we celebrate the dedication of working dogs and thank them for their service on the farm & ranch #NationalDogDay https://t.?,#NationalDogDay,,312.0,@USDA,pos
1033738110062841856,08-26-2018,RT @USDA: Today we celebrate the dedication of working dogs and thank them for their service on the farm & ranch #NationalDogDay https://t.?,#NationalDogDay,,312.0,@USDA,pos
1033737574785974272,08-26-2018,RT @USDA: Today we celebrate the dedication of working dogs and thank them for their service on the farm & ranch #NationalDogDay https://t.?,#NationalDogDay,,312.0,@USDA,pos
1033737309286539264,08-26-2018,RT @USDA: Today we celebrate the dedication of working dogs and thank them for their service on the farm & ranch #NationalDogDay https://t.?,#NationalDogDay,,312.0,@USDA,pos
1033737225337532418,08-26-2018,RT @USDA: Today we celebrate the dedication of working dogs and thank them for their service on the farm & ranch #NationalDogDay https://t.?,#NationalDogDay,,312.0,@USDA,pos
1033736626831220737,08-26-2018,RT @USDA: Today we celebrate the dedication of working dogs and thank them for their service on the farm & ranch #NationalDogDay https://t.?,#NationalDogDay,,312.0,@USDA,pos
1033736056833634304,08-26-2018,RT @USDA: Today we celebrate the dedication of working dogs and thank them for their service on the farm & ranch #NationalDogDay https://t.?,#NationalDogDay,,312.0,@USDA,pos
1033735019599147008,08-26-2018,RT @USDA: Today we celebrate the dedication of working dogs and thank them for their service on the farm & ranch #NationalDogDay https://t.?,#NationalDogDay,,312.0,@USDA,pos
1033734804561448960,08-26-2018,RT @USDA: Today we celebrate the dedication of working dogs and thank them for their service on the farm & ranch #NationalDogDay https://t.?,#NationalDogDay,,312.0,@USDA,pos
1033734659308433408,08-26-2018,RT @USDA: Today we celebrate the dedication of working dogs and thank them for their service on the farm & ranch #NationalDogDay https://t.?,#NationalDogDay,,312.0,@USDA,pos
1033734597941456896,08-26-2018,RT @USDA: Today we celebrate the dedication of working dogs and thank them for their service on the farm & ranch #NationalDogDay https://t.?,#NationalDogDay,,312.0,@USDA,pos
1033734583101968384,08-26-2018,RT @USDA: Today we celebrate the dedication of working dogs and thank them for their service on the farm & ranch #NationalDogDay https://t.?,#NationalDogDay,,312.0,@USDA,pos
1033734462260084736,08-26-2018,RT @USDA: Today we celebrate the dedication of working dogs and thank them for their service on the farm & ranch #NationalDogDay https://t.?,#NationalDogDay,,312.0,@USDA,pos
1033734330902884353,08-26-2018,RT @USDA: Today we celebrate the dedication of working dogs and thank them for their service on the farm & ranch #NationalDogDay https://t.?,#NationalDogDay,,312.0,@USDA,pos
1033734233955688448,08-26-2018,RT @USDA: Today we celebrate the dedication of working dogs and thank them for their service on the farm & ranch #NationalDogDay https://t.?,#NationalDogDay,,312.0,@USDA,pos
1033734058864517120,08-26-2018,RT @USDA: Today we celebrate the dedication of working dogs and thank them for their service on the farm & ranch #NationalDogDay https://t.?,#NationalDogDay,,312.0,@USDA,pos
1033733994490351616,08-26-2018,RT @USDA: Today we celebrate the dedication of working dogs and thank them for their service on the farm & ranch #NationalDogDay https://t.?,#NationalDogDay,,312.0,@USDA,pos
1033733787505643520,08-26-2018,RT @USDA: Today we celebrate the dedication of working dogs and thank them for their service on the farm & ranch #NationalDogDay https://t.?,#NationalDogDay,,312.0,@USDA,pos
1033733757486821379,08-26-2018,RT @USDA: Today we celebrate the dedication of working dogs and thank them for their service on the farm & ranch #NationalDogDay https://t.?,#NationalDogDay,,312.0,@USDA,pos
1033733602792464384,08-26-2018,RT @USDA: Today we celebrate the dedication of working dogs and thank them for their service on the farm & ranch #NationalDogDay https://t.?,#NationalDogDay,,312.0,@USDA,pos
1033733563286515714,08-26-2018,.@MicheleRSimon @GrowPlantBased  says companies should provide #PlantBased products labeling solutions not @US_FDA? https://t.co/xFlYrQoaF3,#PlantBased,,0.0,"@MicheleRSimon,@GrowPlantBased,@US_FDA",neg
1033733082887712768,08-26-2018,RT @USDA: Today we celebrate the dedication of working dogs and thank them for their service on the farm & ranch #NationalDogDay https://t.?,#NationalDogDay,,312.0,@USDA,pos
1033732972602699777,08-26-2018,"RT @USDA_NRCS: There are billions of soil FUNGI, bacteria and other microrganisms in 1 teaspoon of healthy soil that help plants thrive. #s?",,,14.0,@USDA_NRCS,neg
1033732944429572097,08-26-2018,"RT @bajgambia: GYIN Gambia Rural Youth Award winner gives testimonies says ""I makes over D20,000.00 profit in four months ",,,,,pos
1033732732126474240,08-26-2018,RT @USDA: Today we celebrate the dedication of working dogs and thank them for their service on the farm & ranch #NationalDogDay https://t.?,#NationalDogDay,,312.0,@USDA,pos
1033731585663754240,08-26-2018,RT @USDA: Today we celebrate the dedication of working dogs and thank them for their service on the farm & ranch #NationalDogDay https://t.?,#NationalDogDay,,312.0,@USDA,pos
1033731525055983617,08-26-2018,RT @USDA: Today we celebrate the dedication of working dogs and thank them for their service on the farm & ranch #NationalDogDay https://t.?,#NationalDogDay,,312.0,@USDA,pos
1033731112474836992,08-26-2018,RT @USDA: Today we celebrate the dedication of working dogs and thank them for their service on the farm & ranch #NationalDogDay https://t.?,#NationalDogDay,,312.0,@USDA,pos
1033730935274041346,08-26-2018,Inspection at every step of the #SupplyChain of #CoconutOil production is managed by the #Cugnier team of expert pr? https://t.co/6yEx1NLcV8,"#SupplyChain,#CoconutOil,#Cugnier",,0.0,,neg
1033730841820782592,08-26-2018,RT @USDA: Today we celebrate the dedication of working dogs and thank them for their service on the farm & ranch #NationalDogDay https://t.?,#NationalDogDay,,312.0,@USDA,pos
1033730711759597569,08-26-2018,RT @USDA: Today we celebrate the dedication of working dogs and thank them for their service on the farm & ranch #NationalDogDay https://t.?,#NationalDogDay,,312.0,@USDA,pos
1033730139237036032,08-26-2018,"GYIN Gambia Rural Youth Award winner gives testimonies says ""I makes over D20,000.00 profit in four months? https://t.co/XHlSrlfYGX",,,2.0,,neg
1033729968432394241,08-26-2018,RT @USDA: Today we celebrate the dedication of working dogs and thank them for their service on the farm & ranch #NationalDogDay https://t.?,#NationalDogDay,,312.0,@USDA,pos
1033729962845515778,08-26-2018,RT @USDA: Today we celebrate the dedication of working dogs and thank them for their service on the farm & ranch #NationalDogDay https://t.?,#NationalDogDay,,312.0,@USDA,pos
1033729758889168896,08-26-2018,RT @USDA: Today we celebrate the dedication of working dogs and thank them for their service on the farm & ranch #NationalDogDay https://t.?,#NationalDogDay,,312.0,@USDA,pos
1033729294890020865,08-26-2018,RT @USDA: Today we celebrate the dedication of working dogs and thank them for their service on the farm & ranch #NationalDogDay https://t.?,#NationalDogDay,,312.0,@USDA,pos
1033729167328768001,08-26-2018,"RT @GYINGambia: GYINer Modou Lamin Fatty raise more than D20,000.00 profit in 4 mths. ",,,,,neg
1033729024894398466,08-26-2018,RT @USDA: Today we celebrate the dedication of working dogs and thank them for their service on the farm & ranch #NationalDogDay https://t.?,#NationalDogDay,,312.0,@USDA,pos
1033728966899761152,08-26-2018,RT @USDA: Today we celebrate the dedication of working dogs and thank them for their service on the farm & ranch #NationalDogDay https://t.?,#NationalDogDay,,312.0,@USDA,pos
1033728738498768897,08-26-2018,RT @USDA: Today we celebrate the dedication of working dogs and thank them for their service on the farm & ranch #NationalDogDay https://t.?,#NationalDogDay,,312.0,@USDA,pos
1033728434541752320,08-26-2018,RT @USDA: Today we celebrate the dedication of working dogs and thank them for their service on the farm & ranch #NationalDogDay https://t.?,#NationalDogDay,,312.0,@USDA,pos
1033728065241796609,08-26-2018,RT @USDA: Today we celebrate the dedication of working dogs and thank them for their service on the farm & ranch #NationalDogDay https://t.?,#NationalDogDay,,312.0,@USDA,pos
1033727861499355136,08-26-2018,RT @USDA: Today we celebrate the dedication of working dogs and thank them for their service on the farm & ranch #NationalDogDay https://t.?,#NationalDogDay,,312.0,@USDA,pos
1033727818780291072,08-26-2018,RT @USDA: Today we celebrate the dedication of working dogs and thank them for their service on the farm & ranch #NationalDogDay https://t.?,#NationalDogDay,,312.0,@USDA,pos
1033727751403044864,08-26-2018,RT @USDA: Today we celebrate the dedication of working dogs and thank them for their service on the farm & ranch #NationalDogDay https://t.?,#NationalDogDay,,312.0,@USDA,pos
1033727452386865152,08-26-2018,RT @USDA: Today we celebrate the dedication of working dogs and thank them for their service on the farm & ranch #NationalDogDay https://t.?,#NationalDogDay,,312.0,@USDA,pos
1033727408673878017,08-26-2018,"GYINer Modou Lamin Fatty raise more than D20,000.00 profit in 4 mths. ",,,,,neg
1033727189441818624,08-26-2018,@USDA #NationalDogDay https://t.co/OLtJesjjah,#NationalDogDay,,1.0,@USDA,neg
1033726974987051008,08-26-2018,RT @USDA: Today we celebrate the dedication of working dogs and thank them for their service on the farm & ranch #NationalDogDay https://t.?,#NationalDogDay,,312.0,@USDA,pos
1033726867268947969,08-26-2018,RT @USDA: Today we celebrate the dedication of working dogs and thank them for their service on the farm & ranch #NationalDogDay https://t.?,#NationalDogDay,,312.0,@USDA,pos
1033726705838354432,08-26-2018,RT @USDA: Today we celebrate the dedication of working dogs and thank them for their service on the farm & ranch #NationalDogDay https://t.?,#NationalDogDay,,312.0,@USDA,pos
1033726122071126017,08-26-2018,RT @USDA: Today we celebrate the dedication of working dogs and thank them for their service on the farm & ranch #NationalDogDay https://t.?,#NationalDogDay,,312.0,@USDA,pos
1033725945532665856,08-26-2018,RT @USDA: Today we celebrate the dedication of working dogs and thank them for their service on the farm & ranch #NationalDogDay https://t.?,#NationalDogDay,,312.0,@USDA,pos
1033725882731569152,08-26-2018,RT @USDA: Today we celebrate the dedication of working dogs and thank them for their service on the farm & ranch #NationalDogDay https://t.?,#NationalDogDay,,312.0,@USDA,pos
1033725672575954944,08-26-2018,RT @USDA: Today we celebrate the dedication of working dogs and thank them for their service on the farm & ranch #NationalDogDay https://t.?,#NationalDogDay,,312.0,@USDA,pos
1033725418489176064,08-26-2018,RT @USDA: Today we celebrate the dedication of working dogs and thank them for their service on the farm & ranch #NationalDogDay https://t.?,#NationalDogDay,,312.0,@USDA,pos
1033724909455736832,08-26-2018,RT @USDA: Today we celebrate the dedication of working dogs and thank them for their service on the farm & ranch #NationalDogDay https://t.?,#NationalDogDay,,312.0,@USDA,pos
1033724899347451905,08-26-2018,RT @USDA: Today we celebrate the dedication of working dogs and thank them for their service on the farm & ranch #NationalDogDay https://t.?,#NationalDogDay,,312.0,@USDA,pos
1033724872554434561,08-26-2018,RT @USDA: Today we celebrate the dedication of working dogs and thank them for their service on the farm & ranch #NationalDogDay https://t.?,#NationalDogDay,,312.0,@USDA,pos
1033724865700868096,08-26-2018,RT @USDA: Today we celebrate the dedication of working dogs and thank them for their service on the farm & ranch #NationalDogDay https://t.?,#NationalDogDay,,312.0,@USDA,pos
1033724796679290881,08-26-2018,RT @USDA: Today we celebrate the dedication of working dogs and thank them for their service on the farm & ranch #NationalDogDay https://t.?,#NationalDogDay,,312.0,@USDA,pos
1033723486085238786,08-26-2018,RT @USDA: Today we celebrate the dedication of working dogs and thank them for their service on the farm & ranch #NationalDogDay https://t.?,#NationalDogDay,,312.0,@USDA,pos
1033723225241477120,08-26-2018,RT @USDA: Today we celebrate the dedication of working dogs and thank them for their service on the farm & ranch #NationalDogDay https://t.?,#NationalDogDay,,312.0,@USDA,pos
1033723088926646277,08-26-2018,RT @USDA: Today we celebrate the dedication of working dogs and thank them for their service on the farm & ranch #NationalDogDay https://t.?,#NationalDogDay,,312.0,@USDA,pos
1033722899297968130,08-26-2018,RT @USDA: Today we celebrate the dedication of working dogs and thank them for their service on the farm & ranch #NationalDogDay https://t.?,#NationalDogDay,,312.0,@USDA,pos
1033722640198979584,08-26-2018,RT @USDA: Today we celebrate the dedication of working dogs and thank them for their service on the farm & ranch #NationalDogDay https://t.?,#NationalDogDay,,312.0,@USDA,pos
1033722573551415296,08-26-2018,RT @USDA: Today we celebrate the dedication of working dogs and thank them for their service on the farm & ranch #NationalDogDay https://t.?,#NationalDogDay,,312.0,@USDA,pos
1033722468949794818,08-26-2018,RT @USDA: Today we celebrate the dedication of working dogs and thank them for their service on the farm & ranch #NationalDogDay https://t.?,#NationalDogDay,,312.0,@USDA,pos
1033722071648546817,08-26-2018,RT @GlaryRandy: @ForestServiceNW @fox12oregon @forestservice @nwfireblog @NWCCInfo @KATUNews @KOINNews @KIRO7Seattle @komonews @Q13FOX @USD?,,,1.0,"@GlaryRandy,@ForestServiceNW,@fox12oregon,@forestservice,@nwfireblog,@NWCCInfo,@KATUNews,@KOINNews,@KIRO7Seattle,@komonews,@Q13FOX",neg
1033720787428040705,08-26-2018,RT @ForestServiceNW: Learn how #firefighters are using drones to attack #wildfires! @forestservice @USDA @ORDeptForestry @BLMOregon @waDNR_?,"#firefighters,#wildfires",,18.0,"@ForestServiceNW,@forestservice,@USDA,@ORDeptForestry,@BLMOregon",pos
1033720400524599296,08-26-2018,RT @USDA: Today we celebrate the dedication of working dogs and thank them for their service on the farm & ranch #NationalDogDay https://t.?,#NationalDogDay,,312.0,@USDA,pos
1033720388738375680,08-26-2018,RT @USDA: Today we celebrate the dedication of working dogs and thank them for their service on the farm & ranch #NationalDogDay https://t.?,#NationalDogDay,,312.0,@USDA,pos
1033720257918238720,08-26-2018,"RT @SecretarySonny: These are the kinds of things you don't see from behind a desk in Washington, DC. A smooth operation at Brabant Farms i?",,,58.0,@SecretarySonny,pos
1033719622552444928,08-26-2018,"RT @SecretarySonny: John McCain served his country with dedication and honor, as Navy officer, POW in Vietnam, member of House & Senate. He?",,,69.0,@SecretarySonny,neg
1033719603418091521,08-26-2018,"@USDA UK Agriculture Minister and BSE, Mad Cow Disease, from 1990 https://t.co/ECMeTH7INP via @YouTube",,,0.0,"@USDA,@YouTube",neg
1033719526930579456,08-26-2018,RT @USDA: Today we celebrate the dedication of working dogs and thank them for their service on the farm & ranch #NationalDogDay https://t.?,#NationalDogDay,,312.0,@USDA,pos
1033719245962543104,08-26-2018,RT @USDA: Today we celebrate the dedication of working dogs and thank them for their service on the farm & ranch #NationalDogDay https://t.?,#NationalDogDay,,312.0,@USDA,pos
1033718638644224001,08-26-2018,"RT @SecretarySonny: John McCain served his country with dedication and honor, as Navy officer, POW in Vietnam, member of House & Senate. He?",,,69.0,@SecretarySonny,neg
1033718516145446912,08-26-2018,RT @usdafsa: #DYK we offer #disaster assistance programs to help producers recover following qualifying natural disasters? https://t.co/XpF?,"#DYK,#disaster",,20.0,@usdafsa,neg
1033718032923807746,08-26-2018,RT @USDA: Today we celebrate the dedication of working dogs and thank them for their service on the farm & ranch #NationalDogDay https://t.?,#NationalDogDay,,312.0,@USDA,pos
1033717560678727681,08-26-2018,@USDA celebrates #NationalDogDay and #WorkingDogs on the #farm #ranch! Salute! #ranching #cattle https://t.co/SCLqSjpci6,"#NationalDogDay,#WorkingDogs,#farm,#ranch,#ranching,#cattle",,0.0,@USDA,pos
1033717330486939648,08-26-2018,RT @USDA: Today we celebrate the dedication of working dogs and thank them for their service on the farm & ranch #NationalDogDay https://t.?,#NationalDogDay,,312.0,@USDA,pos
1033716645548589058,08-26-2018,RT @USDA: Today we celebrate the dedication of working dogs and thank them for their service on the farm & ranch #NationalDogDay https://t.?,#NationalDogDay,,312.0,@USDA,pos
1033716222368604160,08-26-2018,RT @USDA: Today we celebrate the dedication of working dogs and thank them for their service on the farm & ranch #NationalDogDay https://t.?,#NationalDogDay,,312.0,@USDA,pos
1033715649690750976,08-26-2018,RT @USDA: Today we celebrate the dedication of working dogs and thank them for their service on the farm & ranch #NationalDogDay https://t.?,#NationalDogDay,,312.0,@USDA,pos
1033715617197694976,08-26-2018,"RT @saghonduras: En el Litoral Atlántico de #Honduras: #SAG y @USDA, impulsan producción de #cacao fino #HondurasAvanza https://t.co/SQrzQY?","#Honduras,#SAG,#cacao,#HondurasAvanza",,17.0,"@saghonduras,@USDA",neg
1033715453363933184,08-26-2018,RT @PresDJTrumpUSA: Please stop this Mr. President @realDonaldTrump @POTUS @SecretarySonny Give them a voice!! https://t.co/6SSnAypclD,,,4.0,"@PresDJTrumpUSA,@realDonaldTrump,@POTUS,@SecretarySonny",pos
1033714941541449729,08-26-2018,RT @USDA: Today we celebrate the dedication of working dogs and thank them for their service on the farm & ranch #NationalDogDay https://t.?,#NationalDogDay,,312.0,@USDA,pos
1033714025975042048,08-26-2018,RT @USDA: Today we celebrate the dedication of working dogs and thank them for their service on the farm & ranch #NationalDogDay https://t.?,#NationalDogDay,,312.0,@USDA,pos
1033713246631591937,08-26-2018,RT @USDA: Today we celebrate the dedication of working dogs and thank them for their service on the farm & ranch #NationalDogDay https://t.?,#NationalDogDay,,312.0,@USDA,pos
1033713129635635201,08-26-2018,@USDA I love my Great Pyrenees!???,,,0.0,@USDA,pos
1033713034429165570,08-26-2018,RT @USDA: Today we celebrate the dedication of working dogs and thank them for their service on the farm & ranch #NationalDogDay https://t.?,#NationalDogDay,,312.0,@USDA,pos
1033712723186642945,08-26-2018,RT @USDA: Today we celebrate the dedication of working dogs and thank them for their service on the farm & ranch #NationalDogDay https://t.?,#NationalDogDay,,312.0,@USDA,pos
1033712574112714752,08-26-2018,RT @USDA: Today we celebrate the dedication of working dogs and thank them for their service on the farm & ranch #NationalDogDay https://t.?,#NationalDogDay,,312.0,@USDA,pos
1033712478801354752,08-26-2018,RT @USDA: Today we celebrate the dedication of working dogs and thank them for their service on the farm & ranch #NationalDogDay https://t.?,#NationalDogDay,,312.0,@USDA,pos
1033712448996601857,08-26-2018,RT @USDA: Today we celebrate the dedication of working dogs and thank them for their service on the farm & ranch #NationalDogDay https://t.?,#NationalDogDay,,312.0,@USDA,pos
1033711852335710208,08-26-2018,RT @USDA: Today we celebrate the dedication of working dogs and thank them for their service on the farm & ranch #NationalDogDay https://t.?,#NationalDogDay,,312.0,@USDA,pos
1033711277154160640,08-26-2018,RT @soil_institute: We're hiring a Chief Scientific Officer! To learn more and apply please visit https://t.co/YreSRCLkrh ? @nobleresinst @?,,,7.0,"@soil_institute,@nobleresinst",pos
1033710893266362368,08-26-2018,RT @USDA: Today we celebrate the dedication of working dogs and thank them for their service on the farm & ranch #NationalDogDay https://t.?,#NationalDogDay,,312.0,@USDA,pos
1033710061632344064,08-26-2018,RT @USDA: Today we celebrate the dedication of working dogs and thank them for their service on the farm & ranch #NationalDogDay https://t.?,#NationalDogDay,,312.0,@USDA,pos
1033709776407019522,08-26-2018,RT @USDA: Today we celebrate the dedication of working dogs and thank them for their service on the farm & ranch #NationalDogDay https://t.?,#NationalDogDay,,312.0,@USDA,pos
1033709678012887040,08-26-2018,RT @USDA: Today we celebrate the dedication of working dogs and thank them for their service on the farm & ranch #NationalDogDay https://t.?,#NationalDogDay,,312.0,@USDA,pos
1033709645536391168,08-26-2018,RT @BTENews: Did you know that @ManorISD participates in the #SchoolBreakfastProgram through the @USDA? Get your child to school early to e?,#SchoolBreakfastProgram,,1.0,"@BTENews,@ManorISD,@USDA",neg
1033708814170841088,08-26-2018,RT @USDA: Today we celebrate the dedication of working dogs and thank them for their service on the farm & ranch #NationalDogDay https://t.?,#NationalDogDay,,312.0,@USDA,pos
1033708564647501824,08-26-2018,RT @USDA: Today we celebrate the dedication of working dogs and thank them for their service on the farm & ranch #NationalDogDay https://t.?,#NationalDogDay,,312.0,@USDA,pos
1033708298695073803,08-26-2018,RT @USDA: Today we celebrate the dedication of working dogs and thank them for their service on the farm & ranch #NationalDogDay https://t.?,#NationalDogDay,,312.0,@USDA,pos
1033708152389292032,08-26-2018,RT @USDA: Today we celebrate the dedication of working dogs and thank them for their service on the farm & ranch #NationalDogDay https://t.?,#NationalDogDay,,312.0,@USDA,pos
1033707953944252416,08-26-2018,RT @msw_ITFIO: @JohnFasoNy @SecretarySonny .@RepJohnFaso?s #FarmBill included a provision that allowed the .@EPA to fast-track the approval?,#FarmBill,,9.0,"@msw_ITFIO,@JohnFasoNy,@SecretarySonny,@RepJohnFaso,@EPA",neg
1033707268481536002,08-26-2018,RT @USDA: Today we celebrate the dedication of working dogs and thank them for their service on the farm & ranch #NationalDogDay https://t.?,#NationalDogDay,,312.0,@USDA,pos
1033706912829919232,08-26-2018,RT @USDA: Today we celebrate the dedication of working dogs and thank them for their service on the farm & ranch #NationalDogDay https://t.?,#NationalDogDay,,312.0,@USDA,pos
1033706245868408832,08-26-2018,RT @USDA: Today we celebrate the dedication of working dogs and thank them for their service on the farm & ranch #NationalDogDay https://t.?,#NationalDogDay,,312.0,@USDA,pos
1033706211986812928,08-26-2018,RT @USDA: Today we celebrate the dedication of working dogs and thank them for their service on the farm & ranch #NationalDogDay https://t.?,#NationalDogDay,,312.0,@USDA,pos
1033705366834634753,08-26-2018,Did you know that @ManorISD participates in the #SchoolBreakfastProgram through the @USDA? Get your child to school? https://t.co/EjbUIV2IEB,#SchoolBreakfastProgram,,1.0,"@ManorISD,@USDA",pos
1033704968350511104,08-26-2018,RT @USDA: Today we celebrate the dedication of working dogs and thank them for their service on the farm & ranch #NationalDogDay https://t.?,#NationalDogDay,,312.0,@USDA,pos
1033704928437460992,08-26-2018,RT @USDA: Today we celebrate the dedication of working dogs and thank them for their service on the farm & ranch #NationalDogDay https://t.?,#NationalDogDay,,312.0,@USDA,pos
1033704462643326976,08-26-2018,RT @USDA: Today we celebrate the dedication of working dogs and thank them for their service on the farm & ranch #NationalDogDay https://t.?,#NationalDogDay,,312.0,@USDA,pos
1033704387296862209,08-26-2018,"RT @SecretarySonny: John McCain served his country with dedication and honor, as Navy officer, POW in Vietnam, member of House & Senate. He?",,,69.0,@SecretarySonny,neg
1033703992294092800,08-26-2018,RT @USDA: Today we celebrate the dedication of working dogs and thank them for their service on the farm & ranch #NationalDogDay https://t.?,#NationalDogDay,,312.0,@USDA,pos
1033703973604286465,08-26-2018,"RT @SecretarySonny: John McCain served his country with dedication and honor, as Navy officer, POW in Vietnam, member of House & Senate. He?",,,69.0,@SecretarySonny,neg
1033703609505128448,08-26-2018,Here?s a list of @US_FDA @USDA  #recalls that should be aware of:  ,,,,,pos
1033702874692444160,08-26-2018,RT @VTAgencyofAg: Interesting data from the @USDA https://t.co/s3EXZKvs1X,,,1.0,"@VTAgencyofAg,@USDA",neg
1033702275930181632,08-26-2018,RT @USDA: Today we celebrate the dedication of working dogs and thank them for their service on the farm & ranch #NationalDogDay https://t.?,#NationalDogDay,,312.0,@USDA,pos
1033702202496479234,08-26-2018,RT @USDA: Today we celebrate the dedication of working dogs and thank them for their service on the farm & ranch #NationalDogDay https://t.?,#NationalDogDay,,312.0,@USDA,pos
1033701928218198016,08-26-2018,RT @USDA: Today we celebrate the dedication of working dogs and thank them for their service on the farm & ranch #NationalDogDay https://t.?,#NationalDogDay,,312.0,@USDA,pos
1033701809515315200,08-26-2018,RT @USDA: Today we celebrate the dedication of working dogs and thank them for their service on the farm & ranch #NationalDogDay https://t.?,#NationalDogDay,,312.0,@USDA,pos
1033701695664996352,08-26-2018,RT @USDA: Today we celebrate the dedication of working dogs and thank them for their service on the farm & ranch #NationalDogDay https://t.?,#NationalDogDay,,312.0,@USDA,pos
1033701418870468608,08-26-2018,RT @USDA: Today we celebrate the dedication of working dogs and thank them for their service on the farm & ranch #NationalDogDay https://t.?,#NationalDogDay,,312.0,@USDA,pos
1033701418019049472,08-26-2018,RT @USDA: Today we celebrate the dedication of working dogs and thank them for their service on the farm & ranch #NationalDogDay https://t.?,#NationalDogDay,,312.0,@USDA,pos
1033701220215676929,08-26-2018,RT @USDA: Today we celebrate the dedication of working dogs and thank them for their service on the farm & ranch #NationalDogDay https://t.?,#NationalDogDay,,312.0,@USDA,pos
1033701059238223874,08-26-2018,RT @USDA: Today we celebrate the dedication of working dogs and thank them for their service on the farm & ranch #NationalDogDay https://t.?,#NationalDogDay,,312.0,@USDA,pos
1033700547046633473,08-26-2018,@SenStabenow Please give Idaho their lands back if you are not willing to listen to @westerncaucus @SecretarySonny? https://t.co/BOOX5fxCy0,,,0.0,"@SenStabenow,@westerncaucus,@SecretarySonny",neg
1033700450837712896,08-26-2018,RT @wefishhm70: @RepGosar @Replouiegohmert @RepDLamborn @RobWittman @RepStevePearce @RepLizCheney @RepGarretGraves @RepPaulCook @RepWesterm?,,,8.0,"@wefishhm70,@RepGosar,@replouiegohmert,@RepDLamborn,@RobWittman,@RepStevePearce,@RepLizCheney,@RepGarretGraves,@RepPaulCook",neg
1033700209249771520,08-26-2018,@USDAIndia @USAndIndia @MaryKayCarlson @USAndMumbai @USAndChennai @USAndKolkata @USAndHyderabad @USDAForeignAg @USDA Not #RakshaBandhan??,#RakshaBandhan,,0.0,"@USDAIndia,@USAndIndia,@MaryKayCarlson,@USAndMumbai,@USAndChennai,@USAndKolkata,@USAndHyderabad,@USDAForeignAg,@USDA",neg
1033699159860289537,08-26-2018,This is the President of the @USDA ? https://t.co/GUpmMwWrgQ,,,0.0,@USDA,pos
1033696188409802754,08-26-2018,RT @wefishhm70: @SecretaryZinke @DOIDepSec @SecretaryRoss @SecretaryPerry @EPAAWheeler @SecretarySonny @SecretaryAcosta @DonaldJTrump @west?,,,7.0,"@wefishhm70,@SecretaryZinke,@DOIDepSec,@SecretaryRoss,@SecretaryPerry,@EPAAWheeler,@SecretarySonny,@SecretaryAcosta,@DonaldJTrump",pos
1033696078229528576,08-26-2018,RT @wefishhm70: @SecretaryZinke @DOIDepSec @SecretaryRoss @SecretaryPerry @EPAAWheeler @SecretarySonny @SecretaryAcosta @DonaldJTrump @west?,,,7.0,"@wefishhm70,@SecretaryZinke,@DOIDepSec,@SecretaryRoss,@SecretaryPerry,@EPAAWheeler,@SecretarySonny,@SecretaryAcosta,@DonaldJTrump",pos
1033696009426296832,08-26-2018,RT @wefishhm70: @RepGosar @Replouiegohmert @RepDLamborn @RobWittman @RepStevePearce @RepLizCheney @RepGarretGraves @RepPaulCook @RepWesterm?,,,8.0,"@wefishhm70,@RepGosar,@replouiegohmert,@RepDLamborn,@RobWittman,@RepStevePearce,@RepLizCheney,@RepGarretGraves,@RepPaulCook",neg
1033693021324435461,08-26-2018,RT @BioBeef: And hopefully an analagous trait-based approach is on the horizon for animals as well - makes nosense to have a have a differe?,,,2.0,@BioBeef,neg
1033692032252997632,08-26-2018,@Moso_Bambu_BOSS @FarmersGov @USDA @NRCS_MS @USDA_NRCS https://t.co/BqbpM5aNg2,,,0.0,"@Moso_Bambu_BOSS,@FarmersGov,@USDA,@NRCS_MS,@USDA_NRCS",neg
1033686662918930432,08-26-2018,"RT @SecretarySonny: John McCain served his country with dedication and honor, as Navy officer, POW in Vietnam, member of House & Senate. He?",,,69.0,@SecretarySonny,neg
1033686302229716992,08-26-2018,"RT @SecretarySonny: John McCain served his country with dedication and honor, as Navy officer, POW in Vietnam, member of House & Senate. He?",,,69.0,@SecretarySonny,neg
1033678197739667458,08-26-2018,RT @USEmbTallinn: The @USDA announced 2018 winners of the @WorldFoodPrize for work to stop malnutrition. #FoodPrize18 https://t.co/hBGnN3fy?,#FoodPrize18,,1.0,"@USEmbTallinn,@USDA,@WorldFoodPrize",pos
1033677021904334848,08-26-2018,RT @SenHydeSmith: Multiple benefits associated with the @USDA plan to purchase surplus US farm-raised #catfish:  helps feed the needy; supp?,#catfish,,2.0,"@SenHydeSmith,@USDA",pos
1033677005743706112,08-26-2018,#foodterrorism #NationalSecurity #criticalinfrastructure #CyberAttack #Terrorism @DHSgov @FBI @FBIColumbia? https://t.co/EGyxDrSmaE,"#foodterrorism,#NationalSecurity,#criticalinfrastructure,#CyberAttack,#Terrorism",,0.0,"@DHSgov,@FBI,@FBIColumbia",neg
1033676178102595585,08-26-2018,Opinion: @USDA #FCIC #Insurance Board has Unique Opportunity to Help #Livestock Producers - Brandon Willis? https://t.co/B6gxGmwmVT,"#FCIC,#Insurance,#Livestock",,1.0,@USDA,neg
1033666654356561920,08-26-2018,The @USDA announced 2 winners for the 2018 World Food Prize for work to stop #malnutrition. DYK that some 815 milli? https://t.co/4IQzEkxr2f,#malnutrition,,0.0,@USDA,pos
1033665821996982273,08-26-2018,RT @PatriciaHammes2: .@SecretaryZinke .@SecretarySonny You need to continue your support of modernizing the Endangered Species Act. Billion?,,,11.0,"@PatriciaHammes2,@SecretaryZinke,@SecretarySonny",pos
1033657502121029632,08-26-2018,RT @usdafsa: Learn how the Wisconsin Sokaogon Chippewa Community protects their wild #rice beds from adverse weather with our disaster assi?,#rice,,4.0,@usdafsa,pos
1033657223346626560,08-26-2018,"RT @SenatorCantwell: Today I joined @DaveReichert, @PattyMurray & @RepNewhouse to call on @USDA to provide sweet cherries equal access to t?",,,14.0,"@SenatorCantwell,@davereichert,@PattyMurray,@RepNewhouse,@USDA",pos
1033653831752708096,08-26-2018,"RT @USDA: Sara Constantineau grows, harvests & packages 3 different varieties of basil in a container at @squarerootsgrow, an Ag training f?",,,12.0,"@USDA,@squarerootsgrow",pos
1033648161565360130,08-26-2018,"RT @SecretarySonny: John McCain served his country with dedication and honor, as Navy officer, POW in Vietnam, member of House & Senate. He?",,,69.0,@SecretarySonny,neg
1033644102158565377,08-26-2018,RT @USDA: Studies & surveys on food thermometer use in American kitchens vary in their findings. Here's the report on a new food thermomete?,,,10.0,@USDA,pos
1033643938417000449,08-26-2018,RT @SecretarySonny: Today we released a new @forestservice strategy for managing catastrophic wildfires and the impacts of invasive species?,,,59.0,"@SecretarySonny,@forestservice",pos
1033643886327914496,08-26-2018,"RT @SecretarySonny: Check out new features at https://t.co/8kAPtZquf9, our online portal. Plenty of information, interactive features, secu?",,,61.0,@SecretarySonny,neg
1033643771332706305,08-26-2018,"RT @SecretarySonny: Touring HMC Farms and packaging facility in Kingsburg, CA w/owner Herald McClarty & @RepDavidValadao. Then a talk w/Val?",,,34.0,"@SecretarySonny,@RepDavidValadao",pos
1033643650947796992,08-26-2018,"RT @SecretarySonny: On our way to a dairy farm this morning, we visited an Emergency Watershed Protection Program site with @repjenniffer.?",,,36.0,"@SecretarySonny,@RepJenniffer",pos
1033643621923184640,08-26-2018,RT @SecretarySonny: With @repjenniffer and @SecDAgricultura visiting a family operated dairy that was impacted by Hurricane Maria. This are?,,,32.0,"@SecretarySonny,@RepJenniffer,@SecDAgricultura",pos
1033643587173416961,08-26-2018,"RT @SecretarySonny: Toured a diverse poultry facility, where they raise hens to produce eggs and make fertilizer from the waste. This famil?",,,42.0,@SecretarySonny,neg
1033643489165074433,08-26-2018,RT @SecretarySonny: We value our longstanding partnership w/@US_FDA to combat the many variables related to anti-microbial resistance and l?,,,18.0,"@SecretarySonny,@US_FDA",pos
1033643375340056576,08-26-2018,"RT @SecretarySonny: Agriculture Commissioner of USVI Carlos Robles showed me some local farms on St. Thomas this morning. Bananas, starfrui?",,,29.0,@SecretarySonny,pos
1033643330221928449,08-26-2018,RT @SecretarySonny: Many farmers joined us at the Bordeaux farmers market for a townhall meeting. It?s critical that we work together with?,,,37.0,@SecretarySonny,pos
1033643303072194561,08-26-2018,"RT @SecretarySonny: Two Chinese nationals charged with stealing hi-tech American rice seeds, engineered for medical use. This case illustra?",,,154.0,@SecretarySonny,pos
1033643048511582208,08-26-2018,RT @SecretarySonny: We're always working to open new markets for American agricultural products. Proud to announce w/@USTradeRep Amb. Light?,,,54.0,"@SecretarySonny,@USTradeRep",pos
1033642988788838401,08-26-2018,"RT @SecretarySonny: To put @USDA folks closer to customers we serve & land grants, we're moving @USDA_ERS & @USDA_NIFA outside of D.C. area?",,,64.0,"@SecretarySonny,@USDA,@USDA_ERS,@USDA_NIFA",pos
1033642961572061184,08-26-2018,"RT @SecretarySonny: @USDA @USDA_ERS @USDA_NIFA Also realigning @USDA_ERS with the @USDA Chief Economist's office, under Office of the Secre?",,,21.0,"@SecretarySonny,@USDA,@USDA_ERS,@USDA_NIFA,@USDA_ERS,@USDA",neg
1033642921390526464,08-26-2018,"RT @SecretarySonny: Going to Redding, CA Monday w/@SecretaryZinke, meeting firefighters & local leaders about the #CarrFire. More than 7,00?",#CarrFire,,114.0,"@SecretarySonny,@SecretaryZinke",pos
1033642892206567424,08-26-2018,"RT @SecretarySonny: In California w/@SecretaryZinke, thanking @CAL_FIRE & BLM crews, with help of @forestservice as well, fighting #CarrFir?",,,39.0,"@SecretarySonny,@SecretaryZinke,@CAL_FIRE,@forestservice",pos
1033642876045910016,08-26-2018,"RT @SecretarySonny: Thorough briefing w/@SecretaryZinke on #CarrFire w/@forestservice Regional Forester Randy Moore, USFS Nat'l Dir of Fire?",#CarrFire,,32.0,"@SecretarySonny,@SecretaryZinke,@forestservice",pos
1033642833071169536,08-26-2018,RT @SecretarySonny: Productive roundtable meeting w/@SecretaryZinke and local leaders whose communities have been impacted by numerous fire?,,,37.0,"@SecretarySonny,@SecretaryZinke",pos
1033642802792390657,08-26-2018,RT @SecretarySonny: The @forestservice Smokejumpers risk their lives performing initial attacks on wildfires. Smokejumper Josh Mathiesen pr?,,,65.0,"@SecretarySonny,@forestservice",neg
1033642782357745664,08-26-2018,RT @SecretarySonny: At a lunch with @SecretaryZinke & employees from multiple agencies fighting wildfires in California. Important to remem?,,,144.0,"@SecretarySonny,@SecretaryZinke",pos
1033642747494723584,08-26-2018,"RT @SecretarySonny: Getting a briefing on #HirzFire in California from hard-working @forestservice personnel. Fire suppression, line constr?",#HirzFire,,37.0,"@SecretarySonny,@forestservice",pos
1033642716926627840,08-26-2018,RT @SecretarySonny: Fact check: True. ,,,,,pos
1033642615671939072,08-26-2018,"RT @BreakingNews_RS: .@SecretarySonny went on offensive about thinning forests to prevent fire disasters: ??Let?s don?t do that, we may get?",,,29.0,"@BreakingNews_RS,@SecretarySonny",neg
1033642591839903744,08-26-2018,RT @Onecoast97: @BreakingNews_RS @SecretarySonny Thin them all,,,2.0,"@Onecoast97,@BreakingNews_RS,@SecretarySonny",pos
1033641517536239621,08-26-2018,RT @HunterLaura: @NihadAwad @CAIRNational @USFWS @peta @ASPCA @AnimalWelfareIC @FoAorg @USDA @Change @realDonaldTrump @VP @SecPompeo @JaySe?,,,1.0,"@HunterLaura,@NihadAwad,@CAIRNational,@USFWS,@peta,@ASPCA,@AnimalWelfareIC,@FoAorg,@USDA,@Change,@realDonaldTrump,@VP,@SecPompeo",neg
1033641477908430849,08-26-2018,"RT @HunterLaura: @NihadAwad @CAIRNational WHAT?! No, sorry...you don?t get to do this!! You don?t get to pull the ?religion? card for this!?",,,1.0,"@HunterLaura,@NihadAwad,@CAIRNational",neg
1033641256302215168,08-26-2018,"RT @SecretarySonny: These are the kinds of things you don't see from behind a desk in Washington, DC. A smooth operation at Brabant Farms i?",,,58.0,@SecretarySonny,pos
1033629525790392320,08-26-2018,@attorneygeneral @stevenmnuchin1 @SecElaineChao @SecretaryAcosta @SecretaryZinke @SecretarySonny @SecretaryCarson? https://t.co/fmR0O7U23J,,,0.0,"@attorneygeneral,@stevenmnuchin1,@SecElaineChao,@SecretaryAcosta,@SecretaryZinke,@SecretarySonny,@SecretaryCarson",neg
1033625838384631808,08-26-2018,RT @PresDJTrumpUSA: Please stop this Mr. President @realDonaldTrump @POTUS @SecretarySonny Give them a voice!! https://t.co/6SSnAypclD,,,4.0,"@PresDJTrumpUSA,@realDonaldTrump,@POTUS,@SecretarySonny",pos
1033623110010982405,08-26-2018,@NihadAwad @CAIRNational @USFWS @peta @ASPCA @AnimalWelfareIC @FoAorg @USDA @Change @realDonaldTrump @VP @SecPompeo? https://t.co/zUbfql2E1w,,,1.0,"@NihadAwad,@CAIRNational,@USFWS,@peta,@ASPCA,@AnimalWelfareIC,@FoAorg,@USDA,@Change,@realDonaldTrump,@VP,@SecPompeo",neg
1033618763520860161,08-26-2018,@NihadAwad @CAIRNational @USFWS @peta @ASPCA @AnimalWelfareIC @FoAorg @USDA @Change @realDonaldTrump @VP @SecPompeo? https://t.co/kt1X8fwk61,,,0.0,"@NihadAwad,@CAIRNational,@USFWS,@peta,@ASPCA,@AnimalWelfareIC,@FoAorg,@USDA,@Change,@realDonaldTrump,@VP,@SecPompeo",neg
1033617215197732869,08-26-2018,@NihadAwad @CAIRNational @USFWS @peta @ASPCA @AnimalWelfareIC @FoAorg @USDA @Change @realDonaldTrump @VP @SecPompeo? https://t.co/3FdxXLNrc7,,,0.0,"@NihadAwad,@CAIRNational,@USFWS,@peta,@ASPCA,@AnimalWelfareIC,@FoAorg,@USDA,@Change,@realDonaldTrump,@VP,@SecPompeo",neg
1033616898204819457,08-26-2018,@NihadAwad @CAIRNational @USFWS @peta @ASPCA @AnimalWelfareIC @FoAorg @USDA @Change @realDonaldTrump @VP @SecPompeo? https://t.co/oSLpKFfWxG,,,0.0,"@NihadAwad,@CAIRNational,@USFWS,@peta,@ASPCA,@AnimalWelfareIC,@FoAorg,@USDA,@Change,@realDonaldTrump,@VP,@SecPompeo",neg
1033614054743527425,08-26-2018,"@NihadAwad @CAIRNational WHAT?! No, sorry...you don?t get to do this!! You don?t get to pull the ?religion? card fo? https://t.co/TLJIIc3Rst",,,1.0,"@NihadAwad,@CAIRNational",neg
1033610944629207041,08-26-2018,RT @ForestServiceNW: Learn how #firefighters are using drones to attack #wildfires! @forestservice @USDA @ORDeptForestry @BLMOregon @waDNR_?,"#firefighters,#wildfires",,18.0,"@ForestServiceNW,@forestservice,@USDA,@ORDeptForestry,@BLMOregon",pos
1033610065952079873,08-26-2018,The @USDA announced the 2018 winners of the @WorldFoodPrize for work to stop malnutrition. #FoodPrize18 https://t.co/ER72soslUr,#FoodPrize18,,0.0,"@USDA,@WorldFoodPrize",pos
1033610061355081728,08-26-2018,The @USDA announced 2018 winners of the @WorldFoodPrize for work to stop malnutrition. #FoodPrize18? https://t.co/4ylEa8bWhO,#FoodPrize18,,1.0,"@USDA,@WorldFoodPrize",pos
1033607195831791616,08-26-2018,"RT @SecretarySonny: John McCain served his country with dedication and honor, as Navy officer, POW in Vietnam, member of House & Senate. He?",,,69.0,@SecretarySonny,neg
1033596025464872960,08-26-2018,RT @R5_Fire_News: Real #Jobs. Real Impact. Begin your wildland fire career with the USDA Forest Service.  https://t.co/T8miJwEvsa @USDA @fo?,#Jobs,,3.0,"@R5_Fire_News,@USDA",pos
1033590311149297665,08-26-2018,"RT @SecretarySonny: John McCain served his country with dedication and honor, as Navy officer, POW in Vietnam, member of House & Senate. He?",,,69.0,@SecretarySonny,neg
1033582672000339968,08-26-2018,With the great work of @Sierra_NF @SanBernardinoNF @NatlParkService @theCaGuard @CALFIRE_PIO ? Why does the @USDA 2? https://t.co/tamAA8qxcq,,,1.0,"@Sierra_NF,@SanBernardinoNF,@NatlParkService,@theCaGuard,@CALFIRE_PIO,@USDA",neg
1033581149472346112,08-26-2018,"RT @USDA_NRCS: There are billions of soil FUNGI, bacteria and other microrganisms in 1 teaspoon of healthy soil that help plants thrive. #s?",,,14.0,@USDA_NRCS,neg
1033568485409017857,08-26-2018,.@POTUS @VP @WhiteHouse @SecretarySonny @MariaBartiromo @foxandfriends @Varneyco @HARRISFAULKNER @rushlimbaugh? https://t.co/APf1mlhRNh,,,0.0,"@POTUS,@VP,@WhiteHouse,@SecretarySonny,@MariaBartiromo,@foxandfriends,@Varneyco,@HARRISFAULKNER,@rushlimbaugh",neg
