tweetId|tweetDate|tweetText|hashtagList|location|numberRetweets|userMentions_userName
1031329437084798976|08-19-2018|RT @earthxorg: Today is #NationalHoneyBeeDay ? SIMPLE TRUTH: 1 in every 3 bites of food we eat is derived from plants pollinated by bees. (?|#NationalHoneyBeeDay||9|@earthxorg
1031328387829309440|08-19-2018|RT @DannyKushmer: ?Combee only served one year of his most recent term in the Florida House. Then #QuittinCombee, announced his resignation?|#QuittinCombee||1|@DannyKushmer
1031328076599152640|08-19-2018|RT @ASPCA: Tell the @USDA: Abandon proposal that would increase cruelty at pig slaughterhouses. Sign the petition: https://t.co/nuayb3BFfM?|||211|@ASPCA,@USDA
1031326421132685312|08-19-2018|RT @DannyKushmer: Dear Florida #Farmers & #Ranchers affected by #HurricaneIrma, please remember #quittincombee left @USDA?s FSA just when t?|#Farmers,#Ranchers,#HurricaneIrma,#quittincombee||1|@DannyKushmer,@USDA
1031325199378128896|08-19-2018|@SecretarySonny @PressSec @POTUS They want trade, not aid|||0|@SecretarySonny,@PressSec,@POTUS
1031323572516610050|08-19-2018|Dear Florida #Farmers & #Ranchers affected by #HurricaneIrma, please remember #quittincombee left @USDA?s FSA just? https://t.co/NUuQhOR7sL|#Farmers,#Ranchers,#HurricaneIrma,#quittincombee||1|@USDA
1031323425350942722|08-19-2018|Do you want to get on a fire management career track? It's time to check out the jobs open in the Northern Region.? https://t.co/oTGCNLuUMy|||0|
1031322942225829888|08-19-2018|@ForestServiceNW @forestservice @OkaWenNF @komonews @fox12oregon @KIRO7Seattle @KING5Seattle @Q13FOX @USDA @nwfireblog @R5_Fire_News ?|||0|@ForestServiceNW,@forestservice,@OkaWenNF,@komonews,@fox12oregon,@KIRO7Seattle,@KING5Seattle,@Q13FOX,@USDA,@nwfireblog,@R5_Fire_News
1031317890971197445|08-19-2018|"We want to congratulate the @USDA and Ken Peterson, Chief of the Audit Services Branch at @USDA_AMS Specialty Crop? https://t.co/duL8rTI83k|||0|@USDA,@USDA_AMS
1031317470861316096|08-19-2018|RT @PecanSouth: The National Pecan Federation met with Under Secretary Bill Northey, @BillAtUSDA, and other @USDA officials earlier this we?|||7|@PecanSouth,@BillAtUSDA,@USDA
1031317112147636230|08-19-2018|RT @USDA: About 1 mouthful in 3 in our diets directly or indirectly benefits from honey bee pollination, making bees critically valuable to?|||42|@USDA
1031315512331055104|08-19-2018|RT @PecanSouth: The National Pecan Federation met with Under Secretary Bill Northey, @BillAtUSDA, and other @USDA officials earlier this we?|||7|@PecanSouth,@BillAtUSDA,@USDA
1031313285402918913|08-19-2018|@ForestServiceNW @R5_Fire_News @forestservice @OkaWenNF @komonews @fox12oregon @KIRO7Seattle @KING5Seattle @Q13FOX @USDA @nwfireblog ??????|||0|@ForestServiceNW,@R5_Fire_News,@forestservice,@OkaWenNF,@komonews,@fox12oregon,@KIRO7Seattle,@KING5Seattle,@Q13FOX,@USDA,@nwfireblog
1031312616357081088|08-19-2018|@NDC_ie HAAAAA. @US_FDA @USDANutrition @USDAFoodSafety @USDA GO AHEAD WE DARE U ACTUALLY WE ENCOURAGE U TO PLAY GAM? https://t.co/1SllPxWiMP|||0|@NDC_ie,@US_FDA,@USDANutrition,@USDAFoodSafety,@USDA
1031309652506681345|08-19-2018|RT @TysonFoods: We?re setting a new standard in beef production by becoming the first #food company to license Progressive Beef?, the large?|#food||16|@TysonFoods
1031307356921942016|08-19-2018|I'm glad that media in #SantaClarita ran another story using misleading attacks on a college student. Instead of hi? https://t.co/1iTG8pVTCw|#SantaClarita||1|
1031306019836780545|08-19-2018|RT @ASPCA: Tell the @USDA: Abandon proposal that would increase cruelty at pig slaughterhouses. Sign the petition: https://t.co/nuayb3BFfM?|||211|@ASPCA,@USDA
1031303640437477376|08-19-2018|RT @PecanSouth: The National Pecan Federation met with Under Secretary Bill Northey, @BillAtUSDA, and other @USDA officials earlier this we?|||7|@PecanSouth,@BillAtUSDA,@USDA
1031303193727303682|08-19-2018|RT @USDA: On #WorldPhotoDay, we want to capture the beauty of agriculture and all that it has to offer. Whether you're on a farm, visiting?|#WorldPhotoDay||24|@USDA
1031298650809528326|08-19-2018|@FarmersGov Safari has you blocked for some reason, I can't open your website.|||0|@FarmersGov
1031297550551269376|08-19-2018|There is much work to be done in the Southern Appalachians several tree species are diseased, not to mention the sp? https://t.co/wnXCWY78eu|||0|
1031294601284526080|08-19-2018|RT @USDA: On #WorldPhotoDay, we want to capture the beauty of agriculture and all that it has to offer. Whether you're on a farm, visiting?|#WorldPhotoDay||24|@USDA
1031290260343402502|08-19-2018|RT @EmilySolly: Just coming back from visiting and sampling in one of the coolest and most well organized global change experiments ever! I?|||2|@EmilySolly
1031286024754929664|08-19-2018|Third outbreak of #ASFV in China via @orionbio #RIGEL biosurveillance system @KSU_NABC @GlobalBioD @BiodefenseNews? https://t.co/pc2qp7PvRN|#ASFV,#RIGEL||0|@orionbio,@KSU_NABC,@GlobalBioD,@BiodefenseNews
1031280677671583746|08-19-2018|@USDA 
@USDAFoodSafety 
@SecretarySonny https://t.co/KFu8gLFTwA|||0|@USDA,@USDAFoodSafety,@SecretarySonny
1031276546986844160|08-19-2018|@USDA Working in the field (Agricultural Consultant) in California's Central Valley #WorldPhotoDay #agriculture? https://t.co/EZ47JlzlwF|#WorldPhotoDay,#agriculture||0|@USDA
1031274680022257664|08-19-2018|RT @randallefish: Obesity rates over the last 30 years from @CDCgov. Now, almost 21% of total annual healthcare spending ($190B) is directl?|||1|@randallefish,@CDCgov
1031271665429180416|08-19-2018|RT @GlobalBioD: The Junior Disease Detectives: Operation Outbreak Graphic Novel https://t.co/2DflrMG8cQ mt @CDCgov @4H @USDA @USDAPress htt?|||3|@GlobalBioD,@CDCgov,@4H,@USDA,@USDAPress
1031270385860272129|08-19-2018|RT @USDA: On #WorldPhotoDay, we want to capture the beauty of agriculture and all that it has to offer. Whether you're on a farm, visiting?|#WorldPhotoDay||24|@USDA
1031268479419265024|08-19-2018|RT @earthxorg: Today is #NationalHoneyBeeDay ? SIMPLE TRUTH: 1 in every 3 bites of food we eat is derived from plants pollinated by bees. (?|#NationalHoneyBeeDay||9|@earthxorg
1031268223809937408|08-19-2018|RT @FarmersGov: This #NationalHoneyBeeDay - check out one of the many innovative programs supported by @USDA_NRCS that helps farmers and ra?|#NationalHoneyBeeDay||13|@FarmersGov,@USDA_NRCS
1031263231686451201|08-19-2018|RT @USDA: On #WorldPhotoDay, we want to capture the beauty of agriculture and all that it has to offer. Whether you're on a farm, visiting?|#WorldPhotoDay||24|@USDA
1031262456721678337|08-19-2018|The Junior Disease Detectives: Operation Outbreak Graphic Novel https://t.co/2DflrMG8cQ mt @CDCgov @4H @USDA? https://t.co/cCZ0VCAjtL|||3|@CDCgov,@4H,@USDA
1031260745936330753|08-19-2018|RT @wefishhm70: @POTUS @DOIDepSec @SecretaryRoss @SecretaryPerry @EPAAWheeler @SecretarySonny @SecretaryAcosta @DonaldJTrump @westerncaucus?|||4|@wefishhm70,@POTUS,@DOIDepSec,@SecretaryRoss,@SecretaryPerry,@EPAAWheeler,@SecretarySonny,@SecretaryAcosta,@DonaldJTrump,@westerncaucus
1031260359871668224|08-19-2018|?Combee only served one year of his most recent term in the Florida House. Then #QuittinCombee, announced his resig? https://t.co/IeRY978Ssu|#QuittinCombee||1|
1031257709595832322|08-19-2018|Heidi Heitkamp knows that farmers are the backbone in #ND and works tirelessly to support them by passing bipartisa? https://t.co/tXVAYZnaJr|#ND||0|
1031256325995601921|08-19-2018|[ECONOMÍA] La @USDA pronostica que los suministros de trigo serán ?menores? para la temporada 2018/2019, lo que sum? https://t.co/uNHyhTx8nY|||0|@USDA
1031255874860449794|08-19-2018|@MastersVccc @Jim_Jordan @RepMattGaetz @realDonaldTrump @seanhannity @PressSec @SebGorka @KellyannePolls? https://t.co/5SsizkZsb1|||0|@MastersVccc,@Jim_Jordan,@RepMattGaetz,@realDonaldTrump,@seanhannity,@PressSec,@SebGorka,@KellyannePolls
1031252559414087680|08-19-2018|@SecretarySonny @SecretaryZinke @SecretaryRoss @larry_kudlow @RepKevinBrady @SenTedCruz https://t.co/kSw6wQNmNr|||0|@SecretarySonny,@SecretaryZinke,@SecretaryRoss,@larry_kudlow,@RepKevinBrady,@SenTedCruz
1031252410814083072|08-19-2018|Watch the archive! Food Safety and Preparedness Webinar at https://t.co/N6wqTdj1tb  

#schools learn 
1. how to pro? https://t.co/5aeWrHuKTH|#schools||0|
1031251278112804864|08-19-2018|@ForestServiceNW @R5_Fire_News @forestservice @OkaWenNF @komonews @fox12oregon @KIRO7Seattle @KING5Seattle @Q13FOX @USDA @nwfireblog ????|||0|@ForestServiceNW,@R5_Fire_News,@forestservice,@OkaWenNF,@komonews,@fox12oregon,@KIRO7Seattle,@KING5Seattle,@Q13FOX,@USDA,@nwfireblog
1031248298282233860|08-19-2018|@PresidentIRL @USSupremeCourt @ChicagosMayor @HUDgov @DeptofDefense @PutinRF_Eng @HillaryClinton Germany ?? Unregul? https://t.co/sl9qTqb23n|||0|@PresidentIRL,@USSupremeCourt,@ChicagosMayor,@HUDgov,@DeptofDefense,@PutinRF_Eng,@HillaryClinton
1031244217711054848|08-19-2018|@Jim_Jordan @RepMattGaetz @realDonaldTrump @seanhannity @PressSec @SebGorka @KellyannePolls @SenTedCruz @RandPaul? https://t.co/nGoEqfjelg|||0|@Jim_Jordan,@RepMattGaetz,@realDonaldTrump,@seanhannity,@PressSec,@SebGorka,@KellyannePolls,@SenTedCruz,@RandPaul
1031244153525424129|08-19-2018|RT @SGottliebFDA: And we're continuing work on the safe use of untreated biological soil amendments of animal origin, such as raw manure. @?|||2|@SGottliebFDA
1031242509094203392|08-19-2018|RT @instructorbaker: @Pam2189 @ForestServiceNW @forestservice @OkaWenNF @komonews @fox12oregon @KIRO7Seattle @KING5Seattle @Q13FOX @USDA @n?|||3|@instructorbaker,@Pam2189,@ForestServiceNW,@forestservice,@OkaWenNF,@komonews,@fox12oregon,@KIRO7Seattle,@KING5Seattle,@Q13FOX,@USDA
1031242492157538304|08-19-2018|@instructorbaker @ForestServiceNW @forestservice @OkaWenNF @komonews @fox12oregon @KIRO7Seattle @KING5Seattle? https://t.co/zAUiIhmAWk|||1|@instructorbaker,@ForestServiceNW,@forestservice,@OkaWenNF,@komonews,@fox12oregon,@KIRO7Seattle,@KING5Seattle
1031242022785568768|08-19-2018|RT @moscarielloe: Wheat: EU July Production Changes by @USDA 

#wheat #EU https://t.co/e2yLWEA6sc|#wheat,#EU||11|@moscarielloe,@USDA
1031241897468223488|08-19-2018|RT @FarmPolicy: Cut to global #wheat production supports an increase in U.S. all-wheat exports- #EU wheat exports projected down from last?|#wheat,#EU||3|@FarmPolicy
1031240335668604928|08-19-2018|@Pam2189 @ForestServiceNW @forestservice @OkaWenNF @komonews @fox12oregon @KIRO7Seattle @KING5Seattle @Q13FOX @USDA? https://t.co/jNsH4gqMIj|||3|@Pam2189,@ForestServiceNW,@forestservice,@OkaWenNF,@komonews,@fox12oregon,@KIRO7Seattle,@KING5Seattle,@Q13FOX,@USDA
1031239533591810049|08-19-2018|RT @ChaudharyKirpal: If we want to Double income of farmers... So we have to stop Privatization of agricultural Education... It's our humbl?|||14|@ChaudharyKirpal
1031238858854133761|08-19-2018|RT @Pam2189: @ForestServiceNW @forestservice @OkaWenNF @komonews @fox12oregon @KIRO7Seattle @KING5Seattle @Q13FOX @USDA @nwfireblog @R5_Fir?|||5|@Pam2189,@ForestServiceNW,@forestservice,@OkaWenNF,@komonews,@fox12oregon,@KIRO7Seattle,@KING5Seattle,@Q13FOX,@USDA,@nwfireblog
1031238545745297408|08-19-2018|@ForestServiceNW @forestservice @OkaWenNF @komonews @fox12oregon @KIRO7Seattle @KING5Seattle @Q13FOX @USDA? https://t.co/ilsT7FJkhN|||5|@ForestServiceNW,@forestservice,@OkaWenNF,@komonews,@fox12oregon,@KIRO7Seattle,@KING5Seattle,@Q13FOX,@USDA
1031238015409156096|08-19-2018|@S_Dara_Nsui @nsui @Fairoz_JK @AbhimanyuPooni5 @VasundharaBJP @SatveerINC @PMOIndia @ToniPreckwinkle @DeptofDefense? https://t.co/b80UiTC3xb|||0|@S_Dara_Nsui,@nsui,@Fairoz_JK,@AbhimanyuPooni5,@VasundharaBJP,@SatveerINC,@PMOIndia,@ToniPreckwinkle,@DeptofDefense
1031237885054279680|08-19-2018|@USDA @US_Wildfire @SecretarySonny Perhaps we are looking to close at the Forests habitats.. 
& do not realize the? https://t.co/3WIkao0GDV|||0|@USDA,@US_Wildfire,@SecretarySonny
1031237745526628354|08-19-2018|@USDA 
@USDAFoodSafety 
@SecretarySonny https://t.co/4KPhUC3AUJ|||0|@USDA,@USDAFoodSafety,@SecretarySonny
1031237034487304193|08-19-2018|@BLMWyoming @BLMWHB There is a push to legalize #horse slaughter in the US, they claim due to unwanted horses. Is? https://t.co/3HhMw43kPA|#horse||0|@BLMWyoming,@BLMWHB
1031236911984254976|08-19-2018|@S_Dara_Nsui @nsui @Fairoz_JK @AbhimanyuPooni5 @VasundharaBJP @SatveerINC @PMOIndia @ToniPreckwinkle Longitude & la? https://t.co/eWOCJJ1twO|||0|@S_Dara_Nsui,@nsui,@Fairoz_JK,@AbhimanyuPooni5,@VasundharaBJP,@SatveerINC,@PMOIndia,@ToniPreckwinkle
1031235947940270080|08-19-2018|RT @ASPCA: Tell the @USDA: Abandon proposal that would increase cruelty at pig slaughterhouses. Sign the petition: https://t.co/nuayb3BFfM?|||211|@ASPCA,@USDA
1031235864305655808|08-19-2018|@ForestServiceNW @forestservice @OkaWenNF @komonews @fox12oregon @KIRO7Seattle @KING5Seattle @Q13FOX @USDA? https://t.co/rOaks49cIk|||1|@ForestServiceNW,@forestservice,@OkaWenNF,@komonews,@fox12oregon,@KIRO7Seattle,@KING5Seattle,@Q13FOX,@USDA
1031232715272736770|08-19-2018|RT @TysonFoods: We?re setting a new standard in beef production by becoming the first #food company to license Progressive Beef?, the large?|#food||16|@TysonFoods
1031232228863471617|08-19-2018|RT @FarmersGov: This #WorldPhotographyDay - view fantastic photos & success stories with "news farmers and ranchers can use" in our #Friday?|#WorldPhotographyDay||3|@FarmersGov
1031227589002776576|08-19-2018|RT @donsoutdoor: I know the emphasis is on western states right now, but we need just as much help in our eastern forests. Hope the effort?|||2|@donsoutdoor
1031226754860339200|08-19-2018|RT @ImmaBlueDot: WTF? None of these items have been pulled from stores. Is it because reports are erroneous, or because @EPA @USDA @USDAFoo?|||1|@ImmaBlueDot,@EPA,@USDA
1031226228139802625|08-19-2018|WTF? None of these items have been pulled from stores. Is it because reports are erroneous, or because @EPA @USDA? https://t.co/knKxuRru84|||1|@EPA,@USDA
1031224661181456384|08-19-2018|RT @FarmersGov: This #WorldPhotographyDay - view fantastic photos & success stories with "news farmers and ranchers can use" in our #Friday?|#WorldPhotographyDay||3|@FarmersGov
1031223733384556544|08-19-2018|RT @David_M_Oliver: I?ve often wondered what the passing of 7 years & 4 months visualised via a @USDA dairy farm sign would look like .....?|||1|@David_M_Oliver,@USDA
1031222715468767232|08-19-2018|The @DEAHQ can contact me!
I?ll grow all they want
?
#WaLeg @wslcb @US_FDA @USDA @PierceCo @CityofTacoma @WANORML? https://t.co/4gHeYLXMrz|#WaLeg||1|@DEAHQ,@WSLCB,@US_FDA,@USDA,@PierceCo,@CityofTacoma,@WANORML
1031222715410083840|08-19-2018|The Road to Organic Certification tutorial is actually pretty awesome.  Good Job @USDA|||0|@USDA
1031219418733465605|08-19-2018|RT @SteveScalise: Our economy is booming. American families are #BetterOffNow. According to the @USDA, millions of people have stopped rely?|#BetterOffNow||317|@SteveScalise,@USDA
1031217236533538821|08-19-2018|RT @SteveScalise: Our economy is booming. American families are #BetterOffNow. According to the @USDA, millions of people have stopped rely?|#BetterOffNow||317|@SteveScalise,@USDA
1031213134206382080|08-19-2018|RT @USDA: On #WorldPhotoDay, we want to capture the beauty of agriculture and all that it has to offer. Whether you're on a farm, visiting?|#WorldPhotoDay||24|@USDA
1031211284233052160|08-19-2018|Agent Orange ?@POTUS? ?@WhiteHouse? USES USTax$ 2subvert Subsidies  w/Trade War 2PUMP Russia sourced Nerve???Toxins? https://t.co/7dAS2Tuu0h|||0|@POTUS,@WhiteHouse
1031209409119182848|08-19-2018|RT @USDA: On #WorldPhotoDay, we want to capture the beauty of agriculture and all that it has to offer. Whether you're on a farm, visiting?|#WorldPhotoDay||24|@USDA
1031208998157004800|08-19-2018|Bugs killed have nutrient values &not excuse 2WASTE Tax$paid Farm Subsides on Russian made TOXINS 2collapse food su? https://t.co/M8WQ0brILM|||0|
1031208561001603079|08-19-2018|RT @SteveSGoddard: Every year for as long as I can remember, scientists have warned that global cooling or global warming is going to cause?|||48|@SteveSGoddard
1031208120524128256|08-19-2018|RT @FarmersGov: This #NationalHoneyBeeDay - check out one of the many innovative programs supported by @USDA_NRCS that helps farmers and ra?|#NationalHoneyBeeDay||13|@FarmersGov,@USDA_NRCS
1031207542423257095|08-19-2018|RT @RepKevinCramer: Next week I will host @SecretaryRoss and @USDA Dep Sec Censky in Fargo to share with them why North Dakotans want trade?|||3|@RepKevinCramer,@SecretaryRoss,@USDA
1031206003847639041|08-19-2018|RT @USDA: On #WorldPhotoDay, we want to capture the beauty of agriculture and all that it has to offer. Whether you're on a farm, visiting?|#WorldPhotoDay||24|@USDA
1031205662980825088|08-19-2018|RT @ibeecollera: Play with colors. Appreciating the beauty of organic produce! @agriculture FTW! 
@USDA https://t.co/Nt798qEkjE|||2|@ibeecollera,@agriculture,@USDA
1031204981964038145|08-19-2018|Play with colors. Appreciating the beauty of organic produce! @agriculture FTW! 
@USDA https://t.co/Nt798qEkjE|||2|@agriculture,@USDA
1031202799114235904|08-19-2018|@PresidentIRL All about weather @NOAA @USDA can?t go backwards by ARA outlaws standards!Unqualified employees emplo? https://t.co/JAu2HZC8Vn|||0|@PresidentIRL,@NOAA,@USDA
1031201795794595840|08-19-2018|RT @USDANutrition: The @USDA Summer Meal Programs fill the #nutrition gap for low-income children who rely on the national #schoollunch & #?|#nutrition,#schoollunch||14|@USDANutrition,@USDA
1031201427270631424|08-19-2018|RT @SenatorTester: As Montana battles another intense and expensive wildfire season, @USDA & @forestservice have announced a new plan to co?|||17|@SenatorTester,@USDA,@forestservice
1031200057041666048|08-19-2018|@USDA https://t.co/ojyNE3HiCp|||0|@USDA
1031199312276021255|08-19-2018|@RepLarryBucshon @SenDonnelly @SenToddYoung @USDA @GovHolcomb @usdatagov @RepHastingsFL @SenBobCorker? https://t.co/lTpcZCh8Br|||0|@RepLarryBucshon,@SenDonnelly,@SenToddYoung,@USDA,@GovHolcomb,@usdatagov,@RepHastingsFL,@SenBobCorker
1031198342485704706|08-19-2018|@WhiteHouse @TrumpGolf @DesMoinesUniv @uiowa @dailyiowan @DMRegister @KCCINews @cbs2iowa @IowaPublicRadio @AP? https://t.co/DayvSjyOyg|||0|@WhiteHouse,@TrumpGolf,@DesMoinesUniv,@uiowa,@dailyiowan,@DMRegister,@KCCINews,@cbs2iowa,@IowaPublicRadio,@AP
1031198129159368704|08-19-2018|RT @AdamaAgri: Employing wheat's bacterial partners to fight a pathogen https://t.co/rDHqJhBUsQ via @USDA https://t.co/uekv1wF3Jp|||2|@AdamaAgri,@USDA
1031197918907301889|08-19-2018|RT @USDA: On #WorldPhotoDay, we want to capture the beauty of agriculture and all that it has to offer. Whether you're on a farm, visiting?|#WorldPhotoDay||24|@USDA
1031197879052984322|08-19-2018|Employing wheat's bacterial partners to fight a pathogen https://t.co/rDHqJhBUsQ via @USDA https://t.co/uekv1wF3Jp|||2|@USDA
1031197637310132224|08-19-2018|RT @kisaandost: Eicher Tractor 485 ?? ???? ?? ???? ??????? | Eicher 485 Price & Specification
#tractros #farmers #agriculture
@Agri_Linc @i?|#tractros,#farmers,#agriculture||1|@kisaandost,@Agri_Linc
1031196978703740930|08-19-2018|RT @SecretarySonny: Today we released a new @forestservice strategy for managing catastrophic wildfires and the impacts of invasive species?|||53|@SecretarySonny,@forestservice
1031196298962235392|08-19-2018|RT @Ike_Kiefer: @Biodiesel_Media @EPA @SecretarySonny @realDonaldTrump As of Jan 2018 report by USA Dept of @ENERGY, retail biodiesel was $?|||5|@Ike_Kiefer,@Biodiesel_Media,@EPA,@SecretarySonny,@realDonaldTrump,@ENERGY
1031196236718714880|08-19-2018|RT @Gene_972: @Biodiesel_Media @EPA @SecretarySonny @realDonaldTrump You know what would reduce it even more, less illegal migration into o?|||2|@Gene_972,@Biodiesel_Media,@EPA,@SecretarySonny,@realDonaldTrump
1031196216124694528|08-19-2018|And we're continuing work on the safe use of untreated biological soil amendments of animal origin, such as raw man? https://t.co/I2jstHtl5w|||2|
1031192988846673920|08-19-2018|RT @eSakalUpdate: ?????? : ????????? ???????? ?????? ???????? ??????????? 16 ???? ?????? ?????????? ?????? ???????. ??????????? ???????? ???|||2|@eSakalUpdate
1031192697514729472|08-19-2018|RT @USDA: On #WorldPhotoDay, we want to capture the beauty of agriculture and all that it has to offer. Whether you're on a farm, visiting?|#WorldPhotoDay||24|@USDA
1031191480025501696|08-19-2018|@USDA No GMO|||0|@USDA
1031191155193638912|08-19-2018|RT @USDA: On #WorldPhotoDay, we want to capture the beauty of agriculture and all that it has to offer. Whether you're on a farm, visiting?|#WorldPhotoDay||24|@USDA
1031189457372893185|08-19-2018|@Pontifex @PutinRF_Eng @netanyahu @DocYilk @usedgov @USSupremeCourt Rye. reality of skilled worker on travels. Loaf? https://t.co/EJatxaBN43|||0|@Pontifex,@PutinRF_Eng,@netanyahu,@DocYilk,@usedgov,@USSupremeCourt
1031188598819880961|08-19-2018|RT @USDA: On #WorldPhotoDay, we want to capture the beauty of agriculture and all that it has to offer. Whether you're on a farm, visiting?|#WorldPhotoDay||24|@USDA
1031188322675240960|08-19-2018|RT @USDA: On #WorldPhotoDay, we want to capture the beauty of agriculture and all that it has to offer. Whether you're on a farm, visiting?|#WorldPhotoDay||24|@USDA
1031188217888944128|08-19-2018|RT @USDA: On #WorldPhotoDay, we want to capture the beauty of agriculture and all that it has to offer. Whether you're on a farm, visiting?|#WorldPhotoDay||24|@USDA
1031187890750083072|08-19-2018|RT @USDA: On #WorldPhotoDay, we want to capture the beauty of agriculture and all that it has to offer. Whether you're on a farm, visiting?|#WorldPhotoDay||24|@USDA
1031187537094758400|08-19-2018|RT @USDA: On #WorldPhotoDay, we want to capture the beauty of agriculture and all that it has to offer. Whether you're on a farm, visiting?|#WorldPhotoDay||24|@USDA
1031187325634654209|08-19-2018|RT @USDA: On #WorldPhotoDay, we want to capture the beauty of agriculture and all that it has to offer. Whether you're on a farm, visiting?|#WorldPhotoDay||24|@USDA
1031186899040448512|08-19-2018|RT @USDA: On #WorldPhotoDay, we want to capture the beauty of agriculture and all that it has to offer. Whether you're on a farm, visiting?|#WorldPhotoDay||24|@USDA
1031184553233145856|08-19-2018|@USDA @SecretarySonny The audio only goes for less than a minute. What  projects do you want to expand? Does Califo? https://t.co/KHzIWtkhKr|||0|@USDA,@SecretarySonny
1031184353345372160|08-19-2018|RT @edwardpowell: @GOPLeader @SecretarySonny @AsmVinceFong Why don?t you represent the farmers of California instead of rubber stamping and?|||2|@edwardpowell,@GOPLeader,@SecretarySonny,@AsmVinceFong
1031175389677334529|08-19-2018|Turns out we would need an entire extra #Canada of land to feed the everyone on the planet according to the @USDA d? https://t.co/EV71qt3DAe|#Canada||0|@USDA
1031175105164898304|08-19-2018|RT @thepolicytimes: During the last 2yrs of the ongoing NDA regime, there have been several cases of firing on #Farmers killing quite a lot?|#Farmers||8|@thepolicytimes
1031174229364854784|08-19-2018|RT @thepolicytimes: During the last 2yrs of the ongoing NDA regime, there have been several cases of firing on #Farmers killing quite a lot?|#Farmers||8|@thepolicytimes
1031172909711147010|08-19-2018|RT @jdfossey511: Rural America is on the brink. USDA @SecretarySonny  has the power to follow through on President @realDonaldTrump?s commi?|||1|@jdfossey511,@SecretarySonny,@realDonaldTrump
1031171649289248769|08-19-2018|Something you won't hear from the @HouseAgNews account, trial delayed for one of @SecretarySonny's employees for de? https://t.co/m6FL8srr04|||0|@HouseAgNews,@SecretarySonny
1031171107892674560|08-19-2018|RT @ezspud: @CommishMThomas @usdaRD @USDA Great news!  Does this mean the 100% rate increase assessed on the homeowners last year will be r?|||1|@ezspud,@CommishMThomas,@usdaRD,@USDA
1031169827505926144|08-19-2018|RT @USDA: About 1 mouthful in 3 in our diets directly or indirectly benefits from honey bee pollination, making bees critically valuable to?|||42|@USDA
1031169757611995137|08-19-2018|RT @earthxorg: Today is #NationalHoneyBeeDay ? SIMPLE TRUTH: 1 in every 3 bites of food we eat is derived from plants pollinated by bees. (?|#NationalHoneyBeeDay||9|@earthxorg
1031168427749044225|08-19-2018|RT @USDA: About 1 mouthful in 3 in our diets directly or indirectly benefits from honey bee pollination, making bees critically valuable to?|||42|@USDA
1031164562647732224|08-19-2018|RT @USDA: About 1 mouthful in 3 in our diets directly or indirectly benefits from honey bee pollination, making bees critically valuable to?|||42|@USDA
1031162853284372481|08-19-2018|@SenatorTester @USDA @forestservice demsocialists...#WalkAway  
#KatesLaw
#SocialismFails
are you a socialist too?? https://t.co/3O8B50uXI2|#WalkAway,#KatesLaw,#SocialismFails||0|@SenatorTester,@USDA,@forestservice
1031161178683101184|08-19-2018|RT @cpsheopur: ?People's must be care about agriculture,

?People's must be care about agrarian,

?People's must be care about environment,?|||3|@cpsheopur
1031154321419718659|08-19-2018|RT @USDA: #ICYMI: Check out our new report which outlines our plans to work more closely with states to identify landscape-scale priorities?|#ICYMI||18|@USDA
1031153009307385857|08-19-2018|@lisamurkowski @USDA Gosh, Lisa. You know what is causing these issues? Climate change. Wouldn?t it be great if Ala? https://t.co/pjrUJB6o64|||0|@lisamurkowski,@USDA
1031149512931389441|08-19-2018|RT @johncartozian: @RepJeffDenham @SecretarySonny @RepJimCosta Vote Josh Harder helping California lead the way!  DumpDenham a Putin-Trump?|||5|@johncartozian,@RepJeffDenham,@SecretarySonny,@RepJimCosta
1031144839495266306|08-19-2018|@Viperella316 @GovMarkDayton @Jacob_Frey @USDA So the cultural enrichers are allegedly going to bring us animal sac? https://t.co/CenIVYllG0|||0|@Viperella316,@GovMarkDayton,@Jacob_Frey,@USDA
1031143693426851841|08-19-2018|@SecretarySonny @forestservice Perdue said. ?I have many friends in the African American community and they?re tire? https://t.co/w06GIbU4DW|||0|@SecretarySonny,@forestservice
1031141524300554240|08-19-2018|RT @PatriciaHammes2: .@SecretarySonny There has been a never ending string of studies concerning copper nickel mining in NE MN dating back?|||10|@PatriciaHammes2,@SecretarySonny
1031137556291825664|08-19-2018|RT @USDA: #ICYMI: @SecretarySonny in a Capitol Hill media briefing talking about the need for a new approach to managing forests - https://?|#ICYMI||16|@USDA,@SecretarySonny
1031135859578466304|08-19-2018|I?ve often wondered what the passing of 7 years & 4 months visualised via a @USDA dairy farm sign would look like .? https://t.co/80T2K6POul|||1|@USDA
1031133323853213696|08-19-2018|RT @SBAgov: Take advantage of specialized SBA and @USDA resources designed to assist #rural entrepreneurs by contacting your local SBA Dist?|#rural||27|@SBAgov,@USDA
1031128151261425664|08-19-2018|RT @SchoolMealsRock: Join @SchoolLunch Recipe-Developer Super-Star @malissamarsden 4 this Best of #ANC18 Webinar Wednesday: Creative Recipe?|#ANC18||2|@SchoolMealsRock,@SchoolLunch,@malissamarsden
1031121730138398723|08-19-2018|RT @USDA: About 1 mouthful in 3 in our diets directly or indirectly benefits from honey bee pollination, making bees critically valuable to?|||42|@USDA
1031120334219603968|08-19-2018|RT @USDA: About 1 mouthful in 3 in our diets directly or indirectly benefits from honey bee pollination, making bees critically valuable to?|||42|@USDA
1031119831028793349|08-19-2018|@SecretarySonny It is my honor to receive the recognition of US President Donald J. Trump as a Distinguished Citizen of the World.|||0|@SecretarySonny
1031095469525463041|08-19-2018|.@USDA #AKC The Integrity of these offices is N question if people R allowed 2 commit these evil! A #breeder in NC? https://t.co/bmuhQEbBkH|#AKC,#breeder||0|@USDA
1031091008560353281|08-19-2018|RT @FarmersGov: This #NationalHoneyBeeDay - check out one of the many innovative programs supported by @USDA_NRCS that helps farmers and ra?|#NationalHoneyBeeDay||13|@FarmersGov,@USDA_NRCS
1031086104382857216|08-19-2018|RT @jmillerWFED: EXCLUSIVE Details from the @USDA town hall with @USDA_ERS employees about plans to relocate DC-area employees. https://t.c?|||5|@jmillerWFED,@USDA,@USDA_ERS
1031070940095045632|08-19-2018|RT @usembmalta: Have you wondered whether food grown from genetically-modified plants is safe to eat? Scientists say: YES. #STEM @USDA @Bio?|#STEM||1|@usembmalta,@USDA
1031066264322564097|08-19-2018|@realTylerZed @usbankstadium Minneapolis hosting huge animal sacrifice ?carnival? blood bath
Tue 8/21
Eid Al-Adha? https://t.co/oTqhCBX2DI|||0|@realTylerZed,@usbankstadium
1031061049326403584|08-19-2018|#Poultry, #Livestock And #Dairy - Outlook Report, August 16, 2018 by @USDA ?: 

https://t.co/JV9dxRLSkJ https://t.co/kk5zSpP2PD|#Poultry,#Livestock,#Dairy||0|@USDA
1031058997023924224|08-19-2018|Only a Monster would kill a mother  dog and her innocent 2 puppies here? .@USDA https://t.co/KmEVPMxroB|||0|@USDA
1031058509612429312|08-19-2018|@CrackedAndMad @ZachWritesStuff @cmoraff @DrMerrileeBrown @USDA In my state at the medical dispensory the package w? https://t.co/71ZBpzccet|||0|@CrackedAndMad,@ZachWritesStuff,@cmoraff,@DrMerrileeBrown,@USDA
1031051941223182337|08-19-2018|@usbankstadium Minneapolis hosting huge animal sacrifice ?carnival? Tue 8/21
Eid Al-Adha https://t.co/SrmWUCj5xd
?D? https://t.co/nCgSgx3WRZ|||0|@usbankstadium
1031051698356113409|08-19-2018|@SenatorTester @USDA @forestservice If you hadn't voted against this before in order to back up environmentalist th? https://t.co/J1ZslDFHXD|||0|@SenatorTester,@USDA,@forestservice
1031049121698697222|08-19-2018|RT @eSakalUpdate: ?????? : ????????? ???????? ?????? ???????? ??????????? 16 ???? ?????? ?????????? ?????? ???????. ??????????? ???????? ???|||2|@eSakalUpdate
1031048948109066240|08-19-2018|?????? : ????????? ???????? ?????? ???????? ??????????? 16 ???? ?????? ?????????? ?????? ???????. ??????????? ????? https://t.co/2S24rDamob|||2|
1031047216104914945|08-19-2018|RT @USGAO: Honey #beekeepers lose almost 1/3 of their hives each year. What are @EPA and @USDA doing to address threats to #bees? Revisit o?|#beekeepers,#bees||2|@USGAO,@EPA,@USDA
1031042263730728960|08-19-2018|RT @TaubGVWire: @Fresnomac @SecretarySonny @realDonaldTrump @RepDavidValadao Here's the link:
https://t.co/SdEhNh0RvW|||2|@TaubGVWire,@Fresnomac,@SecretarySonny,@realDonaldTrump,@RepDavidValadao
1031042038764978177|08-19-2018|RT @TaubGVWire: @Fresnomac @SecretarySonny @realDonaldTrump @RepDavidValadao Here's the link:
https://t.co/SdEhNh0RvW|||2|@TaubGVWire,@Fresnomac,@SecretarySonny,@realDonaldTrump,@RepDavidValadao
1031041197261893632|08-19-2018|RT @ASPCA: Tell the @USDA: Abandon proposal that would increase cruelty at pig slaughterhouses. Sign the petition: https://t.co/nuayb3BFfM?|||211|@ASPCA,@USDA
1031039575513284608|08-19-2018|Eicher Tractor 485 ?? ???? ?? ???? ??????? | Eicher 485 Price & Specification
#tractros #farmers #agriculture? https://t.co/X81neftLYR|#tractros,#farmers,#agriculture||1|
1031036232187371521|08-19-2018|RT @8extremes: @nongmoreport @SecretarySonny are you Listening to what Americans want It's Not gmo WE want pesticide free produce Show US y?|||2|@8extremes,@nongmoreport,@SecretarySonny
1031030268868481024|08-19-2018|RT @USDA: About 1 mouthful in 3 in our diets directly or indirectly benefits from honey bee pollination, making bees critically valuable to?|||42|@USDA
1031028904964907008|08-19-2018|RT @PatriciaHammes2: .@SecretarySonny There has been a never ending string of studies concerning copper nickel mining in NE MN dating back?|||5|@PatriciaHammes2,@SecretarySonny
1031028680800329729|08-19-2018|RT @PatriciaHammes2: .@SecretarySonny There has been a never ending string of studies concerning copper nickel mining in NE MN dating back?|||10|@PatriciaHammes2,@SecretarySonny
1031027875636568064|08-18-2018|RT @Conab_Oficial: @Conab_Oficial e @USDA dialogam sobre perspectivas para a próxima safra e o consultor americano Michael Joelson abordará?|||1|@Conab_Oficial,@Conab_Oficial,@USDA
1031021264280997888|08-18-2018|RT @PlainPlaneJane: @djrothkopf .@USDA Economic Research Service (ERS) is the latest casualty ? small and easy to go under the radar, but p?|||2|@PlainPlaneJane,@djrothkopf,@USDA
1031020419124482048|08-18-2018|RT @SecretarySonny: Check out new features at https://t.co/8kAPtZquf9, our online portal. Plenty of information, interactive features, secu?|||56|@SecretarySonny
1031020374794878976|08-18-2018|RT @SecretarySonny: Today we released a new @forestservice strategy for managing catastrophic wildfires and the impacts of invasive species?|||53|@SecretarySonny,@forestservice
1031019796718972928|08-18-2018|RT @VegNews: A group of doctors join health-advocacy organization @pcrm to protest the @USDA milk bailout at the White House. Are you liste?|||15|@VegNews,@PCRM,@USDA
1031019183629389824|08-18-2018|RT @ASPCA: Tell the @USDA: Abandon proposal that would increase cruelty at pig slaughterhouses. Sign the petition: https://t.co/nuayb3BFfM?|||211|@ASPCA,@USDA
1031018821321203712|08-18-2018|RT @SenHydeSmith: Thank you @USDA Assistant Secretary Hazlett for being in Mississippi to call attention to the promising work being done h?|||2|@SenHydeSmith,@USDA
1031017863589457921|08-18-2018|RT @bigfatsurprise: This op-ed going strong. Latest to publish is @HoustonChron I guess a rigorous trial with 60% reversal of T2 diabetes a?|||52|@bigfatsurprise,@HoustonChron
1031017603324555264|08-18-2018|RT @SecretarySonny: Well-attended town hall event in Modesto with @RepJeffDenham. Heard from folks on a variety of topics: state water issu?|||24|@SecretarySonny,@RepJeffDenham
1031017593119760384|08-18-2018|RT @SecretarySonny: More free-flowing conversations with California producers at Joseph Gallo Farms in Atwater. Able to catch a quick tour?|||23|@SecretarySonny
1031017580436193280|08-18-2018|RT @SecretarySonny: Touring HMC Farms and packaging facility in Kingsburg, CA w/owner Herald McClarty & @RepDavidValadao. Then a talk w/Val?|||32|@SecretarySonny,@RepDavidValadao
1031017569942028288|08-18-2018|RT @SecretarySonny: Good conversation with Rep. @SteveKnight25 at the College of the Canyons in Santa Clarita, CA and a roundtable on Fire?|||25|@SecretarySonny,@SteveKnight25
1031017559242362880|08-18-2018|RT @SecretarySonny: Check out new features at https://t.co/8kAPtZquf9, our online portal. Plenty of information, interactive features, secu?|||56|@SecretarySonny
1031017548970569728|08-18-2018|RT @SecretarySonny: Today we released a new @forestservice strategy for managing catastrophic wildfires and the impacts of invasive species?|||53|@SecretarySonny,@forestservice
1031014961550581762|08-18-2018|RT @USDA: #ICYMI: @SecretarySonny in a Capitol Hill media briefing talking about the need for a new approach to managing forests - https://?|#ICYMI||16|@USDA,@SecretarySonny
1031012225664921601|08-18-2018|RT @USDA: About 1 mouthful in 3 in our diets directly or indirectly benefits from honey bee pollination, making bees critically valuable to?|||42|@USDA
1031011301336797184|08-18-2018|RT @NWestIowaREVIEW: In this week?s REVIEW: @GreaterIA_ARC is in dire need of more N?West Iowa Volunteers; @SiouxCenterIA pork plant expand?|||2|@NWestIowaREVIEW,@GreaterIA_ARC,@SiouxCenterIA
1031006599081472002|08-18-2018|@nongmoreport @SecretarySonny are you Listening to what Americans want It's Not gmo WE want pesticide free produce? https://t.co/SloxDkCn7n|||2|@nongmoreport,@SecretarySonny
1031006442038472704|08-18-2018|RT @FarmersGov: This #NationalHoneyBeeDay - check out one of the many innovative programs supported by @USDA_NRCS that helps farmers and ra?|#NationalHoneyBeeDay||13|@FarmersGov,@USDA_NRCS
1031006403866120193|08-18-2018|RT @FarmersGov: Living roots in winter? Your soil says, yes! Visit our https://t.co/6psvGPQNyz page to learn how minimizing fallow can redu?|||4|@FarmersGov
1031005478178971649|08-18-2018|#BigAg doing what it does all too well. @USDA https://t.co/G9mfrJ4YRF|#BigAg||0|@USDA
1031004120784822274|08-18-2018|RT @USDA: Check out our blog to learn how indoor and vertical farming may be part of the solution to rising demands for food and limited na?|||34|@USDA
1031003660132802561|08-18-2018|RT @remstacenter: This is great to see @USDA! #Schools, you can also learn from this and incorporate it into your Farm to Schools program &?|#Schools||1|@remstacenter,@USDA
1030997492383576064|08-18-2018|RT @USDA: Food Safety Tip: Do not use marinade from raw meat or poultry as a sauce unless it?s boiled first! https://t.co/QNgnzOFKtQ|||29|@USDA
1030996102181531648|08-18-2018|RT @USDA: About 1 mouthful in 3 in our diets directly or indirectly benefits from honey bee pollination, making bees critically valuable to?|||42|@USDA
1030995248120520705|08-18-2018|RT @USDA: #ICYMI: @SecretarySonny in a Capitol Hill media briefing talking about the need for a new approach to managing forests - https://?|#ICYMI||16|@USDA,@SecretarySonny
1030994569230462976|08-18-2018|RT @USDA_NRCS: Creating a backyard water garden is as easy as A, Bee, C. https://t.co/72EI48zIR7 #honeybees #pollinators https://t.co/Y1o88?|#honeybees,#pollinators||13|@USDA_NRCS
1030994474820927488|08-18-2018|"#Farm #Milk Prices May Increase Next Year," https://t.co/hDUNhZ9afV (MP3- 1 minute).  @USDA Radio. https://t.co/5tuZaSPCto|#Farm,#Milk||0|@USDA
1030988842445070336|08-18-2018|@USDA @FS_Region1 @SecretarySonny Clear cut, pave and paint green! It's the new Trumpian Forest Management model. A? https://t.co/x6MbU5DVxN|||0|@USDA,@FS_Region1,@SecretarySonny
1030987757529784321|08-18-2018|RT @FarmersGov: Living roots in winter? Your soil says, yes! Visit our https://t.co/6psvGPQNyz page to learn how minimizing fallow can redu?|||4|@FarmersGov
1030986479349030912|08-18-2018|Obesity rates over the last 30 years from @CDCgov. Now, almost 21% of total annual healthcare spending ($190B) is d? https://t.co/B4CdO2mVX3|||1|@CDCgov
1030986349208252416|08-18-2018|@SenatorTester @USDA @forestservice Fire at the Whitehouse ? https://t.co/GXQiHmsmLa|||0|@SenatorTester,@USDA,@forestservice
1030985812496842753|08-18-2018|@senrobportman @USDA It won?t make up for the contamination and environmental damage done from fracking.|||0|@senrobportman,@USDA
1030981599318429696|08-18-2018|RT @GuiltFreeTips: Climate change, human health, and epidemiological transition https://t.co/9Bjk9v7Xy0 via @sciencedirect @NCBI @nlm_news?|||1|@GuiltFreeTips,@sciencedirect,@NCBI,@nlm_news
1030981506297208832|08-18-2018|@politicsunicorn @peta @HumaneSociety 
@HSIGlobal 
@USDA 
@SecretarySonny 
Where Are You...
#STOPHalal|#STOPHalal||0|@politicsunicorn,@peta,@HumaneSociety,@HSIGlobal,@USDA,@SecretarySonny
1030981308741238784|08-18-2018|@GovMarkDayton @Jacob_Frey Gentlemen, we implore you to ban any kind of animal sacrifice/abuse at this festival.  T? https://t.co/DnD3ompX2n|||1|@GovMarkDayton,@Jacob_Frey
1030979109931937793|08-18-2018|RT @EmilySolly: Just coming back from visiting and sampling in one of the coolest and most well organized global change experiments ever! I?|||2|@EmilySolly
1030978323940343811|08-18-2018|RT @donsoutdoor: I know the emphasis is on western states right now, but we need just as much help in our eastern forests. Hope the effort?|||2|@donsoutdoor
1030976793161814016|08-18-2018|RT @USDA: #ICYMI: @SecretarySonny in a Capitol Hill media briefing talking about the need for a new approach to managing forests - https://?|#ICYMI||16|@USDA,@SecretarySonny
1030975505875578880|08-18-2018|Climate change, human health, and epidemiological transition https://t.co/9Bjk9v7Xy0 via @sciencedirect @NCBI? https://t.co/OEDaR70YAq|||1|@sciencedirect,@NCBI
1030974717551894528|08-18-2018|RT @kricklys: @TJ_EE @usbankstadium @LauraLoomer @jilleburke @FidTradZ101 @BrandiMagaScot @TedCornwell @FoxNews @peta @Vikings @RealJamesWo?|||3|@kricklys,@TJ_EE,@usbankstadium,@LauraLoomer,@jilleburke,@FidTradZ101,@BrandiMagaScot,@TedCornwell,@FoxNews,@peta,@Vikings
1030974537289097216|08-18-2018|@FPU44 @Biodiesel_Media @EPA @SecretarySonny @realDonaldTrump Ethanol ruins engines|||0|@FPU44,@Biodiesel_Media,@EPA,@SecretarySonny,@realDonaldTrump
1030972997946023936|08-18-2018|RT @wefishhm70: @POTUS @DOIDepSec @SecretaryRoss @SecretaryPerry @EPAAWheeler @SecretarySonny @SecretaryAcosta @DonaldJTrump @westerncaucus?|||4|@wefishhm70,@POTUS,@DOIDepSec,@SecretaryRoss,@SecretaryPerry,@EPAAWheeler,@SecretarySonny,@SecretaryAcosta,@DonaldJTrump,@westerncaucus
1030972723676237824|08-18-2018|RT @PatriciaHammes2: Thank you @POTUS @SecretaryZinke @SecretarySonny
Getting to the issues and making changes to #MAGA and our forests @Mi?|#MAGA||4|@PatriciaHammes2,@POTUS,@SecretaryZinke,@SecretarySonny
1030970781214420995|08-18-2018|@USGAO @EPA @USDA You have to see the vanishing of the bees documentary and farmageddon|||0|@USGAO,@EPA,@USDA
1030970524069855232|08-18-2018|@USGAO @EPA @USDA @guywhocanttweet|||0|@USGAO,@EPA,@USDA,@guywhocanttweet
1030969996053233664|08-18-2018|@djrothkopf .@USDA Economic Research Service (ERS) is the latest casualty ? small and easy to go under the radar, b? https://t.co/O8FH8nGbb6|||2|@djrothkopf,@USDA
1030967673562120193|08-18-2018|RT @ASPCA: Tell the @USDA: Abandon proposal that would increase cruelty at pig slaughterhouses. Sign the petition: https://t.co/nuayb3BFfM?|||211|@ASPCA,@USDA
